n,encoding,time,end_site_probability,end_site_distinguishability,error
4,vacuum_vs_excitation,0.0,9.41293437207269e-35,9.41293437207269e-35,0.5
4,vacuum_vs_excitation,0.025,6.780412572096713e-12,6.780412572096713e-12,0.49999999999660977
4,vacuum_vs_excitation,0.05,4.33702369625703e-10,4.33702369625703e-10,0.4999999997831488
4,vacuum_vs_excitation,0.075,4.935511409354392e-09,4.935511409354392e-09,0.4999999975322443
4,vacuum_vs_excitation,0.1,2.7694559755905516e-08,2.7694559755905516e-08,0.4999999861527201
4,vacuum_vs_excitation,0.125,1.0546818096649435e-07,1.0546818096649435e-07,0.4999999472659095
4,vacuum_vs_excitation,0.15,3.1427715015470354e-07,3.1427715015470354e-07,0.4999998428614249
4,vacuum_vs_excitation,0.175,7.905590296477649e-07,7.905590296477649e-07,0.49999960472048516
4,vacuum_vs_excitation,0.2,1.75656222120739e-06,1.75656222120739e-06,0.4999991217188894
4,vacuum_vs_excitation,0.225,3.549710317384524e-06,3.549710317384524e-06,0.4999982251448413
4,vacuum_vs_excitation,0.25,6.6556222297976004e-06,6.6556222297976004e-06,0.4999966721888851
4,vacuum_vs_excitation,0.275,1.1744431919812543e-05,1.1744431919812543e-05,0.4999941277840401
4,vacuum_vs_excitation,0.3,1.9710012698549907e-05,1.9710012698549907e-05,0.49999014499365074
4,vacuum_vs_excitation,0.325,3.171167530990399e-05,3.171167530990399e-05,0.49998414416234505
4,vacuum_vs_excitation,0.35,4.9217876651909065e-05,4.9217876651909065e-05,0.49997539106167405
4,vacuum_vs_excitation,0.375,7.405144729385587e-05,7.405144729385587e-05,0.49996297427635306
4,vacuum_vs_excitation,0.4,0.00010843582114867204,0.00010843582114867204,0.49994578208942564
4,vacuum_vs_excitation,0.425,0.00015504172997409966,0.00015504172997409966,0.499922479135013
4,vacuum_vs_excitation,0.45,0.00021703380898488976,0.00021703380898488976,0.49989148309550757
4,vacuum_vs_excitation,0.475,0.0002981165479135985,0.0002981165479135985,0.4998509417260432
4,vacuum_vs_excitation,0.5,0.00040257901448019083,0.00040257901448019083,0.4997987104927599
4,vacuum_vs_excitation,0.525,0.0005353377745080899,0.0005353377745080899,0.49973233111274595
4,vacuum_vs_excitation,0.55,0.000701977434911293,0.000701977434911293,0.49964901128254435
4,vacuum_vs_excitation,0.575,0.0009087882424939988,0.0009087882424939988,0.499545605878753
4,vacuum_vs_excitation,0.6,0.0011628001829378655,0.0011628001829378655,0.49941859990853105
4,vacuum_vs_excitation,0.625,0.0014718130404546385,0.0014718130404546385,0.4992640934797727
4,vacuum_vs_excitation,0.65,0.0018444218992726418,0.0018444218992726418,0.49907778905036365
4,vacuum_vs_excitation,0.675,0.002290037593289326,0.002290037593289326,0.49885498120335536
4,vacuum_vs_excitation,0.7,0.0028189016397118373,0.0028189016397118373,0.49859054918014406
4,vacuum_vs_excitation,0.725,0.0034420952261438255,0.0034420952261438255,0.4982789523869281
4,vacuum_vs_excitation,0.75,0.004171541858149965,0.004171541858149965,0.49791422907092503
4,vacuum_vs_excitation,0.775,0.005020003315600562,0.005020003315600562,0.4974899983421997
4,vacuum_vs_excitation,0.8,0.006001068610800081,0.006001068610800081,0.49699946569459996
4,vacuum_vs_excitation,0.825,0.007129135689243294,0.007129135689243294,0.49643543215537833
4,vacuum_vs_excitation,0.85,0.008419385664502274,0.008419385664502274,0.49579030716774886
4,vacuum_vs_excitation,0.875,0.0098877494318897,0.0098877494318897,0.4950561252840551
4,vacuum_vs_excitation,0.9,0.011550866560807433,0.011550866560807433,0.4942245667195963
4,vacuum_vs_excitation,0.925,0.013426036422700358,0.013426036422700358,0.4932869817886498
4,vacuum_vs_excitation,0.95,0.015531161569900073,0.015531161569900073,0.49223441921504996
4,vacuum_vs_excitation,0.975,0.017884683439959595,0.017884683439959595,0.4910576582800202
4,vacuum_vs_excitation,1.0,0.02050551051993456,0.02050551051993456,0.48974724474003273
4,vacuum_vs_excitation,1.025,0.023412939165039174,0.023412939165039174,0.4882935304174804
4,vacuum_vs_excitation,1.05,0.02662656732577127,0.02662656732577127,0.48668671633711436
4,vacuum_vs_excitation,1.075,0.03016620149653555,0.03016620149653555,0.4849168992517322
4,vacuum_vs_excitation,1.1,0.03405175725657683,0.03405175725657683,0.4829741213717116
4,vacuum_vs_excitation,1.125,0.03830315383024028,0.03830315383024028,0.48084842308487985
4,vacuum_vs_excitation,1.15,0.04294020314780167,0.04294020314780167,0.47852989842609917
4,vacuum_vs_excitation,1.175,0.04798249393994766,0.04798249393994766,0.47600875303002615
4,vacuum_vs_excitation,1.2,0.05344927144805188,0.05344927144805188,0.47327536427597405
4,vacuum_vs_excitation,1.225,0.059359313378315716,0.059359313378315716,0.47032034331084216
4,vacuum_vs_excitation,1.25,0.06573080277026365,0.06573080277026365,0.46713459861486817
4,vacuum_vs_excitation,1.275,0.07258119848867779,0.07258119848867779,0.4637094007556611
4,vacuum_vs_excitation,1.3,0.07992710408250772,0.07992710408250772,0.46003644795874615
4,vacuum_vs_excitation,1.325,0.08778413578432183,0.08778413578432183,0.45610793210783906
4,vacuum_vs_excitation,1.35,0.09616679044921458,0.09616679044921458,0.4519166047753927
4,vacuum_vs_excitation,1.375,0.10508831425252484,0.10508831425252484,0.4474558428737376
4,vacuum_vs_excitation,1.4,0.1145605729810595,0.1145605729810595,0.44271971350947026
4,vacuum_vs_excitation,1.425,0.12459392476258481,0.12459392476258481,0.4377030376187076
4,vacuum_vs_excitation,1.45,0.13519709608302197,0.13519709608302197,0.432401451958489
4,vacuum_vs_excitation,1.475,0.14637706193996675,0.14637706193996675,0.42681146903001665
4,vacuum_vs_excitation,1.5,0.1581389309747745,0.1581389309747745,0.42093053451261275
4,vacuum_vs_excitation,1.525,0.17048583641351683,0.17048583641351683,0.41475708179324156
4,vacuum_vs_excitation,1.55,0.1834188336295971,0.1834188336295971,0.40829058318520145
4,vacuum_vs_excitation,1.575,0.1969368051177993,0.1969368051177993,0.40153159744110034
4,vacuum_vs_excitation,1.6,0.21103637364110017,0.21103637364110017,0.3944818131794499
4,vacuum_vs_excitation,1.625,0.22571182427782002,0.22571182427782002,0.38714408786109
4,vacuum_vs_excitation,1.65,0.24095503605780605,0.24095503605780605,0.37952248197109695
4,vacuum_vs_excitation,1.675,0.2567554238324921,0.2567554238324921,0.37162228808375397
4,vacuum_vs_excitation,1.7,0.2730998909751133,0.2730998909751133,0.3634500545124434
4,vacuum_vs_excitation,1.725,0.28997279345432636,0.28997279345432636,0.3550136032728368
4,vacuum_vs_excitation,1.75,0.3073559157672744,0.3073559157672744,0.3463220421163628
4,vacuum_vs_excitation,1.775,0.32522845915707377,0.32522845915707377,0.3373857704214631
4,vacuum_vs_excitation,1.8,0.34356704247513153,0.34356704247513153,0.3282164787624342
4,vacuum_vs_excitation,1.825,0.362345715980986,0.362345715980986,0.318827142009507
4,vacuum_vs_excitation,1.85,0.3815359883019174,0.3815359883019174,0.3092320058490413
4,vacuum_vs_excitation,1.875,0.40110686670178625,0.40110686670178625,0.29944656664910685
4,vacuum_vs_excitation,1.9,0.42102491073388576,0.42102491073388576,0.28948754463305715
4,vacuum_vs_excitation,1.925,0.44125429927646553,0.44125429927646553,0.27937285036176723
4,vacuum_vs_excitation,1.95,0.4617569108724743,0.4617569108724743,0.26912154456376286
4,vacuum_vs_excitation,1.975,0.48249241721743824,0.48249241721743824,0.25875379139128085
4,vacuum_vs_excitation,2.0,0.5034183895617192,0.5034183895617192,0.24829080521914038
4,vacuum_vs_excitation,2.025,0.5244904177161691,0.5244904177161691,0.23775479114191544
4,vacuum_vs_excitation,2.05,0.5456622412738769,0.5456622412738769,0.22716887936306157
4,vacuum_vs_excitation,2.075,0.5668858925857965,0.5668858925857965,0.21655705370710177
4,vacuum_vs_excitation,2.1,0.5881118509549847,0.5881118509549847,0.20594407452250763
4,vacuum_vs_excitation,2.125,0.6092892074434814,0.6092892074434814,0.19535539627825932
4,vacuum_vs_excitation,2.15,0.6303658396179059,0.6303658396179059,0.18481708019104703
4,vacuum_vs_excitation,2.175,0.6512885954951634,0.6512885954951634,0.1743557022524183
4,vacuum_vs_excitation,2.2,0.6720034858885563,0.6720034858885563,0.16399825705572185
4,vacuum_vs_excitation,2.225,0.6924558842975922,0.6924558842975922,0.1537720578512039
4,vacuum_vs_excitation,2.25,0.712590733432147,0.712590733432147,0.14370463328392652
4,vacuum_vs_excitation,2.275,0.7323527574138105,0.7323527574138105,0.13382362129309477
4,vacuum_vs_excitation,2.3,0.7516866786544809,0.7516866786544809,0.12415666067275954
4,vacuum_vs_excitation,2.325,0.7705374383749237,0.7705374383749237,0.11473128081253814
4,vacuum_vs_excitation,2.35,0.7888504196942749,0.7888504196942749,0.10557479015286253
4,vacuum_vs_excitation,2.375,0.806571672195657,0.806571672195657,0.09671416390217152
4,vacuum_vs_excitation,2.4,0.8236481368532838,0.8236481368532838,0.08817593157335812
4,vacuum_vs_excitation,2.425,0.8400278701929211,0.8400278701929211,0.07998606490353943
4,vacuum_vs_excitation,2.45,0.8556602665503734,0.8556602665503734,0.07216986672481329
4,vacuum_vs_excitation,2.475,0.8704962772919156,0.8704962772919156,0.0647518613540422
4,vacuum_vs_excitation,2.5,0.8844886258663207,0.8844886258663207,0.057755687066839645
4,vacuum_vs_excitation,2.525,0.8975920175703346,0.8975920175703346,0.05120399121483271
4,vacuum_vs_excitation,2.55,0.9097633429280881,0.9097633429280881,0.04511832853595593
4,vacuum_vs_excitation,2.575,0.9209618736099634,0.9209618736099634,0.0395190631950183
4,vacuum_vs_excitation,2.6,0.9311494498476892,0.9311494498476892,0.03442527507615539
4,vacuum_vs_excitation,2.625,0.9402906583398081,0.9402906583398081,0.029854670830095964
4,vacuum_vs_excitation,2.65,0.9483529996849327,0.9483529996849327,0.025823500157533652
4,vacuum_vs_excitation,2.675,0.9553070444291685,0.9553070444291685,0.022346477785415764
4,vacuum_vs_excitation,2.7,0.9611265768684524,0.9611265768684524,0.019436711565773812
4,vacuum_vs_excitation,2.725,0.9657887258060577,0.9657887258060577,0.01710563709697116
4,vacuum_vs_excitation,2.75,0.9692740815298114,0.9692740815298114,0.015362959235094287
4,vacuum_vs_excitation,2.775,0.9715667983422912,0.9715667983422912,0.014216600828854398
4,vacuum_vs_excitation,2.8,0.972654682050065,0.972654682050065,0.0136726589749675
4,vacuum_vs_excitation,2.825,0.972529261894436,0.972529261894436,0.013735369052781998
4,vacuum_vs_excitation,2.85,0.9711858464857983,0.9711858464857983,0.014407076757100845
4,vacuum_vs_excitation,2.875,0.9686235633860666,0.9686235633860666,0.015688218306966706
4,vacuum_vs_excitation,2.9,0.9648453820682982,0.9648453820682982,0.017577308965850913
4,vacuum_vs_excitation,2.925,0.9598581200690655,0.9598581200690655,0.02007093996546727
4,vacuum_vs_excitation,2.95,0.9536724322368605,0.9536724322368605,0.023163783881569755
4,vacuum_vs_excitation,2.975,0.9463027830683319,0.9463027830683319,0.026848608465834034
4,vacuum_vs_excitation,3.0,0.9377674022129231,0.9377674022129231,0.031116298893538452
4,vacuum_vs_excitation,3.025,0.9280882233150274,0.9280882233150274,0.03595588834248631
4,vacuum_vs_excitation,3.05,0.9172908064505422,0.9172908064505422,0.04135459677472891
4,vacuum_vs_excitation,3.075,0.9054042445011989,0.9054042445011989,0.04729787774940053
4,vacuum_vs_excitation,3.1,0.8924610538947831,0.8924610538947831,0.05376947305260843
4,vacuum_vs_excitation,3.125,0.8784970502217939,0.8784970502217939,0.06075147488910304
4,vacuum_vs_excitation,3.15,0.8635512093188205,0.8635512093188205,0.06822439534058977
4,vacuum_vs_excitation,3.175,0.8476655144853719,0.8476655144853719,0.07616724275731407
4,vacuum_vs_excitation,3.2,0.830884790573756,0.830884790573756,0.08455760471312201
4,vacuum_vs_excitation,3.225,0.8132565257603248,0.8132565257603248,0.0933717371198376
4,vacuum_vs_excitation,3.25,0.7948306818706773,0.7948306818706773,0.10258465906466135
4,vacuum_vs_excitation,3.275,0.7756594941908246,0.7756594941908246,0.11217025290458771
4,vacuum_vs_excitation,3.3,0.7557972617505215,0.7557972617505215,0.12210136912473923
4,vacuum_vs_excitation,3.325,0.7353001291136817,0.7353001291136817,0.13234993544315915
4,vacuum_vs_excitation,3.35,0.7142258607537005,0.7142258607537005,0.14288706962314973
4,vacuum_vs_excitation,3.375,0.6926336091284,0.6926336091284,0.1536831954358
4,vacuum_vs_excitation,3.4,0.6705836775999483,0.6705836775999483,0.16470816120002585
4,vacuum_vs_excitation,3.425,0.6481372793693455,0.6481372793693455,0.17593136031532725
4,vacuum_vs_excitation,3.45,0.6253562936127639,0.6253562936127639,0.18732185319361805
4,vacuum_vs_excitation,3.475,0.6023030200180947,0.6023030200180947,0.19884848999095267
4,vacuum_vs_excitation,3.5,0.5790399329244269,0.5790399329244269,0.21048003353778655
4,vacuum_vs_excitation,3.525,0.5556294362648887,0.5556294362648887,0.22218528186755565
4,vacuum_vs_excitation,3.55,0.5321336205042783,0.5321336205042783,0.23393318974786087
4,vacuum_vs_excitation,3.575,0.508614022747348,0.508614022747348,0.245692988626326
4,vacuum_vs_excitation,3.6,0.48513139117153137,0.48513139117153137,0.2574343044142343
4,vacuum_vs_excitation,3.625,0.46174545490948443,0.46174545490948443,0.2691272725452578
4,vacuum_vs_excitation,3.65,0.4385147004722572,0.4385147004722572,0.2807426497638714
4,vacuum_vs_excitation,3.675,0.4154961557633847,0.4154961557633847,0.29225192211830764
4,vacuum_vs_excitation,3.7,0.39274518268800807,0.39274518268800807,0.30362740865599597
4,vacuum_vs_excitation,3.725,0.37031527930955555,0.37031527930955555,0.3148423603452222
4,vacuum_vs_excitation,3.75,0.3482578924498538,0.3482578924498538,0.3258710537750731
4,vacuum_vs_excitation,3.775,0.32662224156718744,0.32662224156718744,0.3366888792164063
4,vacuum_vs_excitation,3.8,0.3054551546810971,0.3054551546810971,0.34727242265945146
4,vacuum_vs_excitation,3.825,0.2848009170430835,0.2848009170430835,0.35759954147845824
4,vacuum_vs_excitation,3.85,0.2647011331792132,0.2647011331792132,0.3676494334103934
4,vacuum_vs_excitation,3.875,0.2451946028544107,0.2451946028544107,0.3774026985727946
4,vacuum_vs_excitation,3.9,0.22631721142941144,0.22631721142941144,0.3868413942852943
4,vacuum_vs_excitation,3.925,0.20810183500038915,0.20810183500038915,0.3959490824998054
4,vacuum_vs_excitation,3.95,0.19057826062870395,0.19057826062870395,0.404710869685648
4,vacuum_vs_excitation,3.975,0.17377312188448998,0.17377312188448998,0.413113439057755
4,vacuum_vs_excitation,4.0,0.15770984984343786,0.15770984984343786,0.4211450750782811
4,vacuum_vs_excitation,4.025,0.14240863959162955,0.14240863959162955,0.42879568020418524
4,vacuum_vs_excitation,4.05,0.12788643220914384,0.12788643220914384,0.43605678389542807
4,vacuum_vs_excitation,4.075,0.1141569121198607,0.1141569121198607,0.44292154394006966
4,vacuum_vs_excitation,4.1,0.10123051961298127,0.10123051961298127,0.4493847401935094
4,vacuum_vs_excitation,4.125,0.08911447826164301,0.08911447826164301,0.4554427608691785
4,vacuum_vs_excitation,4.15,0.07781283688622263,0.07781283688622263,0.4610935815568887
4,vacuum_vs_excitation,4.175,0.06732652563481338,0.06732652563481338,0.46633673718259333
4,vacuum_vs_excitation,4.2,0.0576534256814636,0.0576534256814636,0.4711732871592682
4,vacuum_vs_excitation,4.225,0.04878845197442977,0.04878845197442977,0.47560577401278514
4,vacuum_vs_excitation,4.25,0.04072364840229193,0.04072364840229193,0.47963817579885404
4,vacuum_vs_excitation,4.275,0.03344829468574113,0.03344829468574113,0.4832758526571294
4,vacuum_vs_excitation,4.3,0.026949024247391293,0.026949024247391293,0.48652548787630434
4,vacuum_vs_excitation,4.325,0.02120995226149681,0.02120995226149681,0.4893950238692516
4,vacuum_vs_excitation,4.35,0.016212813040163008,0.016212813040163008,0.4918935934799185
4,vacuum_vs_excitation,4.375,0.011937105872776315,0.011937105872776315,0.49403144706361185
4,vacuum_vs_excitation,4.4,0.008360248401166528,0.008360248401166528,0.4958198757994167
4,vacuum_vs_excitation,4.425,0.0054577365845651735,0.0054577365845651735,0.4972711317077174
4,vacuum_vs_excitation,4.45,0.0032033102859040583,0.0032033102859040583,0.498398344857048
4,vacuum_vs_excitation,4.475,0.0015691234944641605,0.0015691234944641605,0.49921543825276793
4,vacuum_vs_excitation,4.5,0.000525918189391923,0.000525918189391923,0.499737040905304
4,vacuum_vs_excitation,4.525,4.32008441641387e-05,4.32008441641387e-05,0.49997839957791795
4,vacuum_vs_excitation,4.55,8.942057365655754e-05,8.942057365655754e-05,0.4999552897131717
4,vacuum_vs_excitation,4.575,0.0006321479330067899,0.0006321479330067899,0.4996839260334966
4,vacuum_vs_excitation,4.6,0.0016382533908391467,0.0016382533908391467,0.49918087330458044
4,vacuum_vs_excitation,4.625,0.0030740845185071356,0.0030740845185071356,0.49846295774074645
4,vacuum_vs_excitation,4.65,0.0049056409616259145,0.0049056409616259145,0.49754717951918703
4,vacuum_vs_excitation,4.675,0.007098746290108695,0.007098746290108695,0.4964506268549457
4,vacuum_vs_excitation,4.7,0.009619215857938731,0.009619215857938731,0.49519039207103066
4,vacuum_vs_excitation,4.725,0.012433019843736367,0.012433019843736367,0.4937834900781318
4,vacuum_vs_excitation,4.75,0.015506440687513987,0.015506440687513987,0.492246779656243
4,vacuum_vs_excitation,4.775,0.018806224187521915,0.018806224187521915,0.49059688790623907
4,vacuum_vs_excitation,4.8,0.022299723573427844,0.022299723573427844,0.4888501382132861
4,vacuum_vs_excitation,4.825,0.025955035927862524,0.025955035927862524,0.48702248203606874
4,vacuum_vs_excitation,4.85,0.02974113038721268,0.02974113038721268,0.48512943480639364
4,vacuum_vs_excitation,4.875,0.03362796761404613,0.03362796761404613,0.48318601619297696
4,vacuum_vs_excitation,4.9,0.0375866100972731,0.0375866100972731,0.4812066949513635
4,vacuum_vs_excitation,4.925,0.041589322901671236,0.041589322901671236,0.47920533854916436
4,vacuum_vs_excitation,4.95,0.04560966455525807,0.04560966455525807,0.47719516772237097
4,vacuum_vs_excitation,4.975,0.04962256783076395,0.04962256783076395,0.47518871608461805
4,vacuum_vs_excitation,5.0,0.05360441024566684,0.05360441024566684,0.47319779487716657
4,vacuum_vs_excitation,5.025,0.057533074173461256,0.057533074173461256,0.4712334629132694
4,vacuum_vs_excitation,5.05,0.06138799652659962,0.06138799652659962,0.4693060017367002
4,vacuum_vs_excitation,5.075,0.06515020803841497,0.06515020803841497,0.4674248959807925
4,vacuum_vs_excitation,5.1,0.06880236223689636,0.06880236223689636,0.4655988188815518
4,vacuum_vs_excitation,5.125,0.07232875426700812,0.07232875426700812,0.46383562286649593
4,vacuum_vs_excitation,5.15,0.07571532977992876,0.07571532977992876,0.4621423351100356
4,vacuum_vs_excitation,5.175,0.07894968416673989,0.07894968416673989,0.46052515791663007
4,vacuum_vs_excitation,5.2,0.0820210524703712,0.0820210524703712,0.4589894737648144
4,vacuum_vs_excitation,5.225,0.08492029036262884,0.08492029036262884,0.4575398548186856
4,vacuum_vs_excitation,5.25,0.08763984662262801,0.08763984662262801,0.456180076688686
4,vacuum_vs_excitation,5.275,0.09017372759857455,0.09017372759857455,0.4549131362007127
4,vacuum_vs_excitation,5.3,0.09251745417637167,0.09251745417637167,0.45374127291181415
4,vacuum_vs_excitation,5.325,0.09466801181570414,0.09466801181570414,0.4526659940921479
4,vacuum_vs_excitation,5.35,0.09662379424688623,0.09662379424688623,0.45168810287655686
4,vacuum_vs_excitation,5.375,0.09838454144967167,0.09838454144967167,0.45080772927516416
4,vacuum_vs_excitation,5.4,0.09995127255828563,0.09995127255828563,0.4500243637208572
4,vacuum_vs_excitation,5.425,0.10132621435503326,0.10132621435503326,0.44933689282248335
4,vacuum_vs_excitation,5.45,0.10251272602791724,0.10251272602791724,0.44874363698604136
4,vacuum_vs_excitation,5.475,0.10351522087570793,0.10351522087570793,0.448242389562146
4,vacuum_vs_excitation,5.5,0.10433908564686313,0.10433908564686313,0.44783045717656844
4,vacuum_vs_excitation,5.525,0.1049905981966322,0.1049905981966322,0.4475047009016839
4,vacuum_vs_excitation,5.55,0.10547684413965935,0.10547684413965935,0.4472615779301703
4,vacuum_vs_excitation,5.575,0.10580563316354652,0.10580563316354652,0.44709718341822674
4,vacuum_vs_excitation,5.6,0.10598541565226029,0.10598541565226029,0.44700729217386986
4,vacuum_vs_excitation,5.625,0.10602520024717398,0.10602520024717398,0.446987399876413
4,vacuum_vs_excitation,5.65,0.10593447294808973,0.10593447294808973,0.4470327635259551
4,vacuum_vs_excitation,5.675,0.10572311832703976,0.10572311832703976,0.44713844083648013
4,vacuum_vs_excitation,5.7,0.10540134339427575,0.10540134339427575,0.4472993283028621
4,vacuum_vs_excitation,5.725,0.10497960461888545,0.10497960461888545,0.4475101976905573
4,vacuum_vs_excitation,5.75,0.10446853856625773,0.10446853856625773,0.44776573071687115
4,vacuum_vs_excitation,5.775,0.10387889657145671,0.10387889657145671,0.4480605517142716
4,vacuum_vs_excitation,5.8,0.10322148382181547,0.10322148382181547,0.44838925808909225
4,vacuum_vs_excitation,5.825,0.10250710317409521,0.10250710317409521,0.4487464484129524
4,vacuum_vs_excitation,5.85,0.10174650398172505,0.10174650398172505,0.4491267480091375
4,vacuum_vs_excitation,5.875,0.10095033615635553,0.10095033615635553,0.44952483192182224
4,vacuum_vs_excitation,5.9,0.10012910963560491,0.10012910963560491,0.4499354451821975
4,vacuum_vs_excitation,5.925,0.09929315937586601,0.09929315937586601,0.450353420312067
4,vacuum_vs_excitation,5.95,0.0984526159357483,0.0984526159357483,0.45077369203212586
4,vacuum_vs_excitation,5.975,0.09761738166260905,0.09761738166260905,0.4511913091686955
4,vacuum_vs_excitation,6.0,0.0967971124420262,0.0967971124420262,0.4516014437789869
4,opposite_phase_pulse,0.0,9.41293437207269e-35,9.702027814881119e-18,0.5
4,opposite_phase_pulse,0.025,6.780412572096713e-12,2.603922535732719e-06,0.49999869803873215
4,opposite_phase_pulse,0.05,4.33702369625703e-10,2.082552207330474e-05,0.49998958723896336
4,opposite_phase_pulse,0.075,4.935511409354392e-09,7.025319501171738e-05,0.4999648734024941
4,opposite_phase_pulse,0.1,2.7694559755905516e-08,0.00016641682533898283,0.4999167915873305
4,opposite_phase_pulse,0.125,1.0546818096649435e-07,0.00032475865033358903,0.4998376206748332
4,opposite_phase_pulse,0.15,3.1427715015470354e-07,0.0005606042723300488,0.49971969786383497
4,opposite_phase_pulse,0.175,7.905590296477649e-07,0.0008891338648638712,0.49955543306756806
4,opposite_phase_pulse,0.2,1.75656222120739e-06,0.0013253536211922424,0.4993373231894039
4,opposite_phase_pulse,0.225,3.549710317384524e-06,0.0018840674927890783,0.49905796625360543
4,opposite_phase_pulse,0.25,6.6556222297976004e-06,0.0025798492649373142,0.49871007536753137
4,opposite_phase_pulse,0.275,1.1744431919812543e-05,0.003427015015988775,0.49828649249200563
4,opposite_phase_pulse,0.3,1.9710012698549907e-05,0.004439596006231863,0.49778020199688405
4,opposite_phase_pulse,0.325,3.171167530990399e-05,0.005631312041603092,0.4971843439791985
4,opposite_phase_pulse,0.35,4.9217876651909065e-05,0.007015545356699582,0.4964922273216502
4,opposite_phase_pulse,0.375,7.405144729385587e-05,0.00860531506069684,0.4956973424696516
4,opposite_phase_pulse,0.4,0.00010843582114867204,0.010413252188853972,0.494793373905573
4,opposite_phase_pulse,0.425,0.00015504172997409966,0.012451575401293592,0.4937742122993532
4,opposite_phase_pulse,0.45,0.00021703380898488976,0.014732067369683379,0.4926339663151583
4,opposite_phase_pulse,0.475,0.0002981165479135985,0.01726605189131547,0.49136697405434226
4,opposite_phase_pulse,0.5,0.00040257901448019083,0.020064371768889023,0.4899678141155555
4,opposite_phase_pulse,0.525,0.0005353377745080899,0.023137367493042287,0.48843131625347885
4,opposite_phase_pulse,0.55,0.000701977434911293,0.026494856763366225,0.48675257161831686
4,opposite_phase_pulse,0.575,0.0009087882424939988,0.03014611488225305,0.4849269425588735
4,opposite_phase_pulse,0.6,0.0011628001829378655,0.034099856054503594,0.4829500719727482
4,opposite_phase_pulse,0.625,0.0014718130404546385,0.03836421562412867,0.4808178921879357
4,opposite_phase_pulse,0.65,0.0018444218992726418,0.04294673327824413,0.4785266333608779
4,opposite_phase_pulse,0.675,0.002290037593289326,0.047854337246370116,0.47607283137681494
4,opposite_phase_pulse,0.7,0.0028189016397118373,0.053093329521813164,0.47345333523909344
4,opposite_phase_pulse,0.725,0.0034420952261438255,0.058669372130131285,0.4706653139349344
4,opposite_phase_pulse,0.75,0.004171541858149965,0.06458747446796449,0.46770626276601773
4,opposite_phase_pulse,0.775,0.005020003315600562,0.07085198173375648,0.46457400913312175
4,opposite_phase_pulse,0.8,0.006001068610800081,0.07746656447009949,0.46126671776495026
4,opposite_phase_pulse,0.825,0.007129135689243294,0.08443420923561311,0.45778289538219347
4,opposite_phase_pulse,0.85,0.008419385664502274,0.09175721042240917,0.45412139478879543
4,opposite_phase_pulse,0.875,0.0098877494318897,0.09943716323331886,0.45028141838334057
4,opposite_phase_pulse,0.9,0.011550866560807433,0.10747495783114983,0.4462625210844251
4,opposite_phase_pulse,0.925,0.013426036422700358,0.11587077467032124,0.4420646126648394
4,opposite_phase_pulse,0.95,0.015531161569900073,0.12462408101928003,0.43768795949036
4,opposite_phase_pulse,0.975,0.017884683439959595,0.1337336286801476,0.4331331856599262
4,opposite_phase_pulse,1.0,0.02050551051993456,0.14319745291007993,0.42840127354496005
4,opposite_phase_pulse,1.025,0.023412939165039174,0.153012872546852,0.423493563726574
4,opposite_phase_pulse,1.05,0.02662656732577127,0.16317649133919773,0.4184117543304011
4,opposite_phase_pulse,1.075,0.03016620149653555,0.1736842004804569,0.4131578997597716
4,opposite_phase_pulse,1.1,0.03405175725657683,0.1845311823421094,0.4077344088289453
4,opposite_phase_pulse,1.125,0.03830315383024028,0.19571191540179733,0.40214404229910133
4,opposite_phase_pulse,1.15,0.04294020314780167,0.20722018035848166,0.39638990982075917
4,opposite_phase_pulse,1.175,0.04798249393994766,0.21904906742542335,0.39047546628728835
4,opposite_phase_pulse,1.2,0.05344927144805188,0.2311909847897445,0.38440450760512773
4,opposite_phase_pulse,1.225,0.059359313378315716,0.24363766822541155,0.3781811658872942
4,opposite_phase_pulse,1.25,0.06573080277026365,0.25638019184458,0.37180990407771
4,opposite_phase_pulse,1.275,0.07258119848867779,0.2694089799703748,0.36529551001481264
4,opposite_phase_pulse,1.3,0.07992710408250772,0.2827138201123315,0.35864308994383426
4,opposite_phase_pulse,1.325,0.08778413578432183,0.29628387702391407,0.351858061488043
4,opposite_phase_pulse,1.35,0.09616679044921458,0.3101077078197422,0.3449461460901289
4,opposite_phase_pulse,1.375,0.10508831425252484,0.3241732781284183,0.33791336093579083
4,opposite_phase_pulse,1.4,0.1145605729810595,0.3384679792551424,0.3307660103724288
4,opposite_phase_pulse,1.425,0.12459392476258481,0.3529786463266366,0.32351067683668167
4,opposite_phase_pulse,1.45,0.13519709608302197,0.3676915773892869,0.31615421130535654
4,opposite_phase_pulse,1.475,0.14637706193996675,0.38259255342984233,0.30870372328507883
4,opposite_phase_pulse,1.5,0.1581389309747745,0.39766685928648177,0.3011665703567591
4,opposite_phase_pulse,1.525,0.17048583641351683,0.4128993054166074,0.29355034729169627
4,opposite_phase_pulse,1.55,0.1834188336295971,0.42827425048629425,0.2858628747568529
4,opposite_phase_pulse,1.575,0.1969368051177993,0.4437756247449822,0.2781121876275089
4,opposite_phase_pulse,1.6,0.21103637364110017,0.4593869541476991,0.2703065229261504
4,opposite_phase_pulse,1.625,0.22571182427782002,0.47509138518586086,0.26245430740706954
4,opposite_phase_pulse,1.65,0.24095503605780605,0.4908717103865388,0.2545641448067306
4,opposite_phase_pulse,1.675,0.2567554238324921,0.5067103944389656,0.2466448027805172
4,opposite_phase_pulse,1.7,0.2730998909751133,0.52258960090602,0.23870519954699
4,opposite_phase_pulse,1.725,0.28997279345432636,0.538491219477464,0.23075439026126798
4,opposite_phase_pulse,1.75,0.3073559157672744,0.5543968937208021,0.22280155313959893
4,opposite_phase_pulse,1.775,0.32522845915707377,0.5702880492848099,0.21485597535759504
4,opposite_phase_pulse,1.8,0.34356704247513153,0.5861459225100278,0.20692703874498608
4,opposite_phase_pulse,1.825,0.362345715980986,0.6019515893998337,0.19902420530008313
4,opposite_phase_pulse,1.85,0.3815359883019174,0.6176859949051114,0.19115700254744428
4,opposite_phase_pulse,1.875,0.40110686670178625,0.6333299824750019,0.18333500876249903
4,opposite_phase_pulse,1.9,0.42102491073388576,0.6488643238257793,0.17556783808711035
4,opposite_phase_pulse,1.925,0.44125429927646553,0.6642697488795237,0.16786512556023814
4,opposite_phase_pulse,1.95,0.4617569108724743,0.6795269758239729,0.16023651208801354
4,opposite_phase_pulse,1.975,0.48249241721743824,0.6946167412447228,0.15269162937763858
4,opposite_phase_pulse,2.0,0.5034183895617192,0.7095198302808169,0.14524008485959156
4,opposite_phase_pulse,2.025,0.5244904177161691,0.7242171067547142,0.1378914466226429
4,opposite_phase_pulse,2.05,0.5456622412738769,0.7386895432276518,0.1306552283861741
4,opposite_phase_pulse,2.075,0.5668858925857965,0.7529182509315314,0.12354087453423429
4,opposite_phase_pulse,2.1,0.5881118509549847,0.7668845095286413,0.11655774523567936
4,opposite_phase_pulse,2.125,0.6092892074434814,0.7805697966508065,0.10971510167459675
4,opposite_phase_pulse,2.15,0.6303658396179059,0.7939558171698888,0.10302209141505558
4,opposite_phase_pulse,2.175,0.6512885954951634,0.8070245321520055,0.09648773392399723
4,opposite_phase_pulse,2.2,0.6720034858885563,0.8197581874483209,0.09012090627583957
4,opposite_phase_pulse,2.225,0.6924558842975922,0.8321393418758617,0.08393032906206915
4,opposite_phase_pulse,2.25,0.712590733432147,0.8441508949424545,0.07792455252877273
4,opposite_phase_pulse,2.275,0.7323527574138105,0.8557761140706198,0.07211194296469009
4,opposite_phase_pulse,2.3,0.7516866786544809,0.8669986612760604,0.0665006693619698
4,opposite_phase_pulse,2.325,0.7705374383749237,0.87780261925727,0.061098690371365005
4,opposite_phase_pulse,2.35,0.7888504196942749,0.8881725168537219,0.05591374157313905
4,opposite_phase_pulse,2.375,0.806571672195657,0.8980933538311354,0.05095332308443229
4,opposite_phase_pulse,2.4,0.8236481368532838,0.9075506249533872,0.046224687523306385
4,opposite_phase_pulse,2.425,0.8400278701929211,0.9165303433018032,0.04173482834909842
4,opposite_phase_pulse,2.45,0.8556602665503734,0.9250190628037745,0.037490468598112725
4,opposite_phase_pulse,2.475,0.8704962772919156,0.9330038999339261,0.033498050033036963
4,opposite_phase_pulse,2.5,0.8844886258663207,0.940472554552402,0.029763722723799013
4,opposite_phase_pulse,2.525,0.8975920175703346,0.9474133298462369,0.02629333507688153
4,opposite_phase_pulse,2.55,0.9097633429280881,0.9538151513412272,0.023092424329386407
4,opposite_phase_pulse,2.575,0.9209618736099634,0.9596675849532292,0.020166207523385382
4,opposite_phase_pulse,2.6,0.9311494498476892,0.9649608540493698,0.01751957297531509
4,opposite_phase_pulse,2.625,0.9402906583398081,0.9696858554912555,0.01515707225437224
4,opposite_phase_pulse,2.65,0.9483529996849327,0.9738341746339223,0.01308291268303885
4,opposite_phase_pulse,2.675,0.9553070444291685,0.9773980992559625,0.011300950372018725
4,opposite_phase_pulse,2.7,0.9611265768684524,0.9803706323979989,0.009814683801000534
4,opposite_phase_pulse,2.725,0.9657887258060577,0.982745504088448,0.008627247955776018
4,opposite_phase_pulse,2.75,0.9692740815298114,0.9845171819373247,0.007741409031337632
4,opposite_phase_pulse,2.775,0.9715667983422912,0.9856808805806732,0.007159559709663421
4,opposite_phase_pulse,2.8,0.972654682050065,0.9862325699600805,0.0068837150199597685
4,opposite_phase_pulse,2.825,0.972529261894436,0.986168982423619,0.0069155087881905275
4,opposite_phase_pulse,2.85,0.9711858464857983,0.985487618636479,0.007256190681760477
4,opposite_phase_pulse,2.875,0.9686235633860666,0.9841867522914879,0.007906623854256056
4,opposite_phase_pulse,2.9,0.9648453820682982,0.9822654336116579,0.008867283194171072
4,opposite_phase_pulse,2.925,0.9598581200690655,0.9797234916388733,0.010138254180563355
4,opposite_phase_pulse,2.95,0.9536724322368605,0.9765615353047961,0.011719232347601971
4,opposite_phase_pulse,2.975,0.9463027830683319,0.9727809532820489,0.013609523358975528
4,opposite_phase_pulse,3.0,0.9377674022129231,0.9683839126157162,0.015808043692141893
4,opposite_phase_pulse,3.025,0.9280882233150274,0.963373356137187,0.0183133219314065
4,opposite_phase_pulse,3.05,0.9172908064505422,0.9577529986643436,0.0211235006678282
4,opposite_phase_pulse,3.075,0.9054042445011989,0.951527321994066,0.02423633900296701
4,opposite_phase_pulse,3.1,0.8924610538947831,0.9447015686949943,0.027649215652502834
4,opposite_phase_pulse,3.125,0.8784970502217939,0.9372817347104305,0.03135913264478474
4,opposite_phase_pulse,3.15,0.8635512093188205,0.929274560783206,0.035362719608396986
4,opposite_phase_pulse,3.175,0.8476655144853719,0.9206875227162427,0.03965623864187867
4,opposite_phase_pulse,3.2,0.830884790573756,0.9115288204844408,0.04423558975777958
4,opposite_phase_pulse,3.225,0.8132565257603248,0.9018073662153824,0.04909631689230881
4,opposite_phase_pulse,3.25,0.7948306818706773,0.8915327710581801,0.05423361447090996
4,opposite_phase_pulse,3.275,0.7756594941908246,0.8807153309616136,0.05964233451919321
4,opposite_phase_pulse,3.3,0.7557972617505215,0.869366011384458,0.06531699430777099
4,opposite_phase_pulse,3.325,0.7353001291136817,0.8574964309626494,0.07125178451867531
4,opposite_phase_pulse,3.35,0.7142258607537005,0.845118844159625,0.07744057792018749
4,opposite_phase_pulse,3.375,0.6926336091284,0.8322461229278272,0.08387693853608641
4,opposite_phase_pulse,3.4,0.6705836775999483,0.8188917374109647,0.09055413129451767
4,opposite_phase_pulse,3.425,0.6481372793693455,0.8050697357181833,0.09746513214090835
4,opposite_phase_pulse,3.45,0.6253562936127639,0.7907947228028042,0.10460263859859792
4,opposite_phase_pulse,3.475,0.6023030200180947,0.7760818384797409,0.11195908076012956
4,opposite_phase_pulse,3.5,0.5790399329244269,0.7609467346170998,0.11952663269145009
4,opposite_phase_pulse,3.525,0.5556294362648887,0.7454055515388175,0.12729722423059125
4,opposite_phase_pulse,3.55,0.5321336205042783,0.729474893676457,0.1352625531617715
4,opposite_phase_pulse,3.575,0.508614022747348,0.7131718045095081,0.14341409774524594
4,opposite_phase_pulse,3.6,0.48513139117153137,0.6965137408346883,0.15174312958265584
4,opposite_phase_pulse,3.625,0.46174545490948443,0.6795185464058243,0.16024072679708784
4,opposite_phase_pulse,3.65,0.4385147004722572,0.6622044249869199,0.16889778750654005
4,opposite_phase_pulse,3.675,0.4154961557633847,0.6445899128619565,0.17770504356902173
4,opposite_phase_pulse,3.7,0.39274518268800807,0.626693850845856,0.18665307457707198
4,opposite_phase_pulse,3.725,0.37031527930955555,0.6085353558418406,0.1957323220790797
4,opposite_phase_pulse,3.75,0.3482578924498538,0.5901337919911499,0.20493310400442505
4,opposite_phase_pulse,3.775,0.32662224156718744,0.5715087414617448,0.2142456292691276
4,opposite_phase_pulse,3.8,0.3054551546810971,0.5526799749231892,0.2236600125384054
4,opposite_phase_pulse,3.825,0.2848009170430835,0.5336674217554258,0.2331662891222871
4,opposite_phase_pulse,3.85,0.2647011331792132,0.5144911400395669,0.24275442998021657
4,opposite_phase_pulse,3.875,0.2451946028544107,0.4951712863791788,0.2524143568104106
4,opposite_phase_pulse,3.9,0.22631721142941144,0.4757280856008098,0.2621359571995951
4,opposite_phase_pulse,3.925,0.20810183500038915,0.4561818003826864,0.2719090998086568
4,opposite_phase_pulse,3.95,0.19057826062870395,0.43655270086062226,0.28172364956968887
4,opposite_phase_pulse,3.975,0.17377312188448998,0.4168610342602076,0.2915694828698962
4,opposite_phase_pulse,4.0,0.15770984984343786,0.3971269946042926,0.3014365026978537
4,opposite_phase_pulse,4.025,0.14240863959162955,0.37737069254465105,0.3113146537276745
4,opposite_phase_pulse,4.05,0.12788643220914384,0.35761212536649795,0.32119393731675105
4,opposite_phase_pulse,4.075,0.1141569121198607,0.3378711472142312,0.33106442639288436
4,opposite_phase_pulse,4.1,0.10123051961298127,0.3181674395864248,0.3409162802067876
4,opposite_phase_pulse,4.125,0.08911447826164301,0.29852048214761245,0.3507397589261938
4,opposite_phase_pulse,4.15,0.07781283688622263,0.2789495239039182,0.36052523804804093
4,opposite_phase_pulse,4.175,0.06732652563481338,0.25947355478894835,0.3702632226055258
4,opposite_phase_pulse,4.2,0.0576534256814636,0.24011127770569962,0.3799443611471502
4,opposite_phase_pulse,4.225,0.04878845197442977,0.22088108106949714,0.38955945946525145
4,opposite_phase_pulse,4.25,0.04072364840229193,0.20180101189610505,0.39909949405194745
4,opposite_phase_pulse,4.275,0.03344829468574113,0.182888749478313,0.4085556252608435
4,opposite_phase_pulse,4.3,0.026949024247391293,0.16416157969327444,0.41791921015336275
4,opposite_phase_pulse,4.325,0.02120995226149681,0.14563636998187235,0.4271818150090638
4,opposite_phase_pulse,4.35,0.016212813040163008,0.12732954504027338,0.4363352274798633
4,opposite_phase_pulse,4.375,0.011937105872776315,0.10925706326263906,0.44537146836868047
4,opposite_phase_pulse,4.4,0.008360248401166528,0.09143439397276348,0.45428280301361823
4,opposite_phase_pulse,4.425,0.0054577365845651735,0.07387649548107418,0.4630617522594629
4,opposite_phase_pulse,4.45,0.0032033102859040583,0.056597794002099217,0.4717011029989504
4,opposite_phase_pulse,4.475,0.0015691234944641605,0.039612163466089055,0.48019391826695546
4,opposite_phase_pulse,4.5,0.000525918189391923,0.022932906256990696,0.48853354687150463
4,opposite_phase_pulse,4.525,4.32008441641387e-05,0.006572734907490085,0.49671363254625495
4,opposite_phase_pulse,4.55,8.942057365655754e-05,0.009456245219777115,0.49527187739011147
4,opposite_phase_pulse,4.575,0.0006321479330067899,0.02514255223732845,0.4874287238813358
4,opposite_phase_pulse,4.6,0.0016382533908391467,0.040475342998412586,0.4797623285007937
4,opposite_phase_pulse,4.625,0.0030740845185071356,0.05544442729893723,0.4722777863505314
4,opposite_phase_pulse,4.65,0.0049056409616259145,0.07004028099333921,0.4649798595033304
4,opposite_phase_pulse,4.675,0.007098746290108695,0.08425405800380593,0.45787297099809704
4,opposite_phase_pulse,4.7,0.009619215857938731,0.09807760120404012,0.45096119939797996
4,opposite_phase_pulse,4.725,0.012433019843736367,0.11150345216062311,0.44424827391968846
4,opposite_phase_pulse,4.75,0.015506440687513987,0.12452485971690146,0.4377375701415493
4,opposite_phase_pulse,4.775,0.018806224187521915,0.13713578740621252,0.43143210629689377
4,opposite_phase_pulse,4.8,0.022299723573427844,0.14933091968319168,0.42533454015840416
4,opposite_phase_pulse,4.825,0.025955035927862524,0.16110566696383627,0.4194471665180819
4,opposite_phase_pulse,4.85,0.02974113038721268,0.17245616946694797,0.413771915266526
4,opposite_phase_pulse,4.875,0.03362796761404613,0.18337929985155393,0.408310350074223
4,opposite_phase_pulse,4.9,0.0375866100972731,0.1938726646468581,0.403063667676571
4,opposite_phase_pulse,4.925,0.041589322901671236,0.2039346044732753,0.39803269776336236
4,opposite_phase_pulse,4.95,0.04560966455525807,0.21356419305505797,0.393217903472471
4,opposite_phase_pulse,4.975,0.04962256783076395,0.22276123502702158,0.3886193824864892
4,opposite_phase_pulse,5.0,0.05360441024566684,0.23152626253983982,0.3842368687300801
4,opposite_phase_pulse,5.025,0.057533074173461256,0.23986053067034863,0.3800697346648257
4,opposite_phase_pulse,5.05,0.06138799652659962,0.24776601164526102,0.3761169941773695
4,opposite_phase_pulse,5.075,0.06515020803841497,0.25524538788862566,0.3723773060556872
4,opposite_phase_pulse,5.1,0.06880236223689636,0.262302043905297,0.3688489780473515
4,opposite_phase_pulse,5.125,0.07232875426700812,0.2689400570145848,0.3655299714927076
4,opposite_phase_pulse,5.15,0.07571532977992876,0.27516418695013484,0.36241790652493255
4,opposite_phase_pulse,5.175,0.07894968416673989,0.28097986434394173,0.35951006782802913
4,opposite_phase_pulse,5.2,0.0820210524703712,0.2863931781142337,0.35680341094288315
4,opposite_phase_pulse,5.225,0.08492029036262884,0.2914108617787416,0.3542945691106292
4,opposite_phase_pulse,5.25,0.08763984662262801,0.29604027871664357,0.3519798606416782
4,opposite_phase_pulse,5.275,0.09017372759857455,0.3002894064041796,0.34985529679791016
4,opposite_phase_pulse,5.3,0.09251745417637167,0.30416681965061815,0.3479165901746909
4,opposite_phase_pulse,5.325,0.09466801181570414,0.3076816728628862,0.3461591635685569
4,opposite_phase_pulse,5.35,0.09662379424688623,0.3108436813687649,0.3445781593156175
4,opposite_phase_pulse,5.375,0.09838454144967167,0.3136631018300872,0.34316844908495636
4,opposite_phase_pulse,5.4,0.09995127255828563,0.3161507117788692,0.3419246441105654
4,opposite_phase_pulse,5.425,0.10132621435503326,0.3183177883107277,0.3408411058446361
4,opposite_phase_pulse,5.45,0.10251272602791724,0.3201760859713249,0.3399119570143375
4,opposite_phase_pulse,5.475,0.10351522087570793,0.32173781387289235,0.3391310930635538
4,opposite_phase_pulse,5.5,0.10433908564686313,0.3230156120791426,0.33849219396042873
4,opposite_phase_pulse,5.525,0.1049905981966322,0.3240225272980757,0.33798873635096216
4,opposite_phase_pulse,5.55,0.10547684413965935,0.32477198792331113,0.33761400603834446
4,opposite_phase_pulse,5.575,0.10580563316354652,0.325277778465647,0.3373611107671765
4,opposite_phase_pulse,5.6,0.10598541565226029,0.32555401341752843,0.3372229932912358
4,opposite_phase_pulse,5.625,0.10602520024717398,0.3256151105940478,0.3371924447029761
4,opposite_phase_pulse,5.65,0.10593447294808973,0.32547576399493977,0.33726211800253014
4,opposite_phase_pulse,5.675,0.10572311832703976,0.32515091623281606,0.33742454188359194
4,opposite_phase_pulse,5.7,0.10540134339427575,0.3246557305735966,0.3376721347132017
4,opposite_phase_pulse,5.725,0.10497960461888545,0.3240055626357138,0.3379972186821431
4,opposite_phase_pulse,5.75,0.10446853856625773,0.3232159317952284,0.33839203410238583
4,opposite_phase_pulse,5.775,0.10387889657145671,0.32230249234446934,0.33884875382776536
4,opposite_phase_pulse,5.8,0.10322148382181547,0.3212810044522014,0.3393594977738993
4,opposite_phase_pulse,5.825,0.10250710317409521,0.3201673049736578,0.3399163475131711
4,opposite_phase_pulse,5.85,0.10174650398172505,0.31897727815900156,0.3405113609204992
4,opposite_phase_pulse,5.875,0.10095033615635553,0.3177268263089466,0.3411365868455267
4,opposite_phase_pulse,5.9,0.10012910963560491,0.31643184042634664,0.3417840797868267
4,opposite_phase_pulse,5.925,0.09929315937586601,0.31510817091257093,0.34244591454371454
4,opposite_phase_pulse,5.95,0.0984526159357483,0.3137715983573853,0.3431142008213074
4,opposite_phase_pulse,5.975,0.09761738166260905,0.31243780447092034,0.3437810977645398
4,opposite_phase_pulse,6.0,0.0967971124420262,0.31112234320605486,0.3444388283969726
6,vacuum_vs_excitation,0.0,1.2479696510477003e-32,1.2479696510477003e-32,0.5
6,vacuum_vs_excitation,0.025,6.6217524674850746e-21,6.6217524674850746e-21,0.5
6,vacuum_vs_excitation,0.05,6.777648433450027e-18,6.777648433450027e-18,0.5
6,vacuum_vs_excitation,0.075,3.9054265557217984e-16,3.9054265557217984e-16,0.4999999999999998
6,vacuum_vs_excitation,0.1,6.92792860717585e-15,6.92792860717585e-15,0.49999999999999656
6,vacuum_vs_excitation,0.125,6.443499345495117e-14,6.443499345495117e-14,0.4999999999999678
6,vacuum_vs_excitation,0.15,3.9831179542412957e-13,3.9831179542412957e-13,0.4999999999998008
6,vacuum_vs_excitation,0.175,1.857165509837154e-12,1.857165509837154e-12,0.4999999999990714
6,vacuum_vs_excitation,0.2,7.043689608044051e-12,7.043689608044051e-12,0.49999999999647815
6,vacuum_vs_excitation,0.225,2.2815295614271244e-11,2.2815295614271244e-11,0.49999999998859235
6,vacuum_vs_excitation,0.25,6.524874330356338e-11,6.524874330356338e-11,0.49999999996737565
6,vacuum_vs_excitation,0.275,1.6870989928451289e-10,1.6870989928451289e-10,0.49999999991564503
6,vacuum_vs_excitation,0.3,4.013636951627892e-10,4.013636951627892e-10,0.49999999979931814
6,vacuum_vs_excitation,0.325,8.903101669942209e-10,8.903101669942209e-10,0.4999999995548449
6,vacuum_vs_excitation,0.35,1.8605465515023388e-09,1.8605465515023388e-09,0.4999999990697267
6,vacuum_vs_excitation,0.375,3.6931355644519696e-09,3.6931355644519696e-09,0.4999999981534322
6,vacuum_vs_excitation,0.4,7.009305129165684e-09,7.009305129165684e-09,0.49999999649534743
6,vacuum_vs_excitation,0.425,1.2788709915961087e-08,1.2788709915961087e-08,0.49999999360564507
6,vacuum_vs_excitation,0.45,2.2531740983564318e-08,2.2531740983564318e-08,0.4999999887341295
6,vacuum_vs_excitation,0.475,3.8477563366363566e-08,3.8477563366363566e-08,0.4999999807612183
6,vacuum_vs_excitation,0.5,6.389147533001215e-08,6.389147533001215e-08,0.49999996805426233
6,vacuum_vs_excitation,0.525,1.0343719592739517e-07,1.0343719592739517e-07,0.49999994828140204
6,vacuum_vs_excitation,0.55,1.6365177426975068e-07,1.6365177426975068e-07,0.4999999181741129
6,vacuum_vs_excitation,0.575,2.535429457617813e-07,2.535429457617813e-07,0.4999998732285271
6,vacuum_vs_excitation,0.6,3.8533090519781996e-07,3.8533090519781996e-07,0.4999998073345474
6,vacuum_vs_excitation,0.625,5.753585887320752e-07,5.753585887320752e-07,0.4999997123207056
6,vacuum_vs_excitation,0.65,8.451966182241692e-07,8.451966182241692e-07,0.4999995774016909
6,vacuum_vs_excitation,0.675,1.2229710218746481e-06,1.2229710218746481e-06,0.49999938851448905
6,vacuum_vs_excitation,0.7,1.744943662065413e-06,1.744943662065413e-06,0.49999912752816894
6,vacuum_vs_excitation,0.725,2.4573769311587177e-06,2.4573769311587177e-06,0.4999987713115344
6,vacuum_vs_excitation,0.75,3.4187156740550587e-06,3.4187156740550587e-06,0.49999829064216295
6,vacuum_vs_excitation,0.775,4.702120417622373e-06,4.702120417622373e-06,0.4999976489397912
6,vacuum_vs_excitation,0.8,6.398386786974799e-06,6.398386786974799e-06,0.4999968008066065
6,vacuum_vs_excitation,0.825,8.619286423181749e-06,8.619286423181749e-06,0.4999956903567884
6,vacuum_vs_excitation,0.85,1.150136474394084e-05,1.150136474394084e-05,0.49999424931762804
6,vacuum_vs_excitation,0.875,1.5210230467782198e-05,1.5210230467782198e-05,0.4999923948847661
6,vacuum_vs_excitation,0.9,1.9945370915902196e-05,1.9945370915902196e-05,0.49999002731454206
6,vacuum_vs_excitation,0.925,2.5945525679512652e-05,2.5945525679512652e-05,0.49998702723716026
6,vacuum_vs_excitation,0.95,3.349464926423382e-05,3.349464926423382e-05,0.49998325267536786
6,vacuum_vs_excitation,0.975,4.2928490770769306e-05,4.2928490770769306e-05,0.4999785357546146
6,vacuum_vs_excitation,1.0,5.464181552196119e-05,5.464181552196119e-05,0.499972679092239
6,vacuum_vs_excitation,1.025,6.90962897850597e-05,6.90962897850597e-05,0.4999654518551075
6,vacuum_vs_excitation,1.05,8.68290453553896e-05,8.68290453553896e-05,0.4999565854773223
6,vacuum_vs_excitation,1.075,0.0001084619357606272,0.0001084619357606272,0.4999457690321197
6,vacuum_vs_excitation,1.1,0.000134711490217559,0.000134711490217559,0.4999326442548912
6,vacuum_vs_excitation,1.125,0.00016639956523656314,0.00016639956523656314,0.4999168002173817
6,vacuum_vs_excitation,1.15,0.00020446468694135288,0.00020446468694135288,0.4998977676565293
6,vacuum_vs_excitation,1.175,0.0002499740697788049,0.0002499740697788049,0.4998750129651106
6,vacuum_vs_excitation,1.2,0.0003041362893693909,0.0003041362893693909,0.4998479318553153
6,vacuum_vs_excitation,1.225,0.0003683145788339145,0.0003683145788339145,0.49981584271058305
6,vacuum_vs_excitation,1.25,0.0004440407090759226,0.0004440407090759226,0.49977797964546206
6,vacuum_vs_excitation,1.275,0.0005330294042571997,0.0005330294042571997,0.4997334852978714
6,vacuum_vs_excitation,1.3,0.0006371932341400935,0.0006371932341400935,0.49968140338292993
6,vacuum_vs_excitation,1.325,0.0007586579151549843,0.0007586579151549843,0.4996206710424225
6,vacuum_vs_excitation,1.35,0.0008997779420616507,0.0008997779420616507,0.4995501110289692
6,vacuum_vs_excitation,1.375,0.0010631524619921797,0.0010631524619921797,0.4994684237690039
6,vacuum_vs_excitation,1.4,0.0012516412925798347,0.0012516412925798347,0.4993741793537101
6,vacuum_vs_excitation,1.425,0.0014683809758863017,0.0014683809758863017,0.49926580951205685
6,vacuum_vs_excitation,1.45,0.0017168007500373398,0.0017168007500373398,0.49914159962498134
6,vacuum_vs_excitation,1.475,0.002000638310965906,0.002000638310965906,0.49899968084451707
6,vacuum_vs_excitation,1.5,0.002323955227546549,0.002323955227546549,0.4988380223862267
6,vacuum_vs_excitation,1.525,0.002691151864792429,0.002691151864792429,0.4986544240676038
6,vacuum_vs_excitation,1.55,0.0031069816617831235,0.0031069816617831235,0.49844650916910843
6,vacuum_vs_excitation,1.575,0.003576564603706437,0.003576564603706437,0.49821171769814676
6,vacuum_vs_excitation,1.6,0.004105399720936256,0.004105399720936256,0.49794730013953187
6,vacuum_vs_excitation,1.625,0.004699376442536302,0.004699376442536302,0.49765031177873187
6,vacuum_vs_excitation,1.65,0.005364784627078768,0.005364784627078768,0.4973176076864606
6,vacuum_vs_excitation,1.675,0.006108323090293958,0.006108323090293958,0.496945838454853
6,vacuum_vs_excitation,1.7,0.006937106446916426,0.006937106446916426,0.49653144677654176
6,vacuum_vs_excitation,1.725,0.00785867008325034,0.00785867008325034,0.4960706649583748
6,vacuum_vs_excitation,1.75,0.008880973077522046,0.008880973077522046,0.495559513461239
6,vacuum_vs_excitation,1.775,0.010012398887093597,0.010012398887093597,0.4949938005564532
6,vacuum_vs_excitation,1.8,0.011261753625137772,0.011261753625137772,0.4943691231874311
6,vacuum_vs_excitation,1.825,0.012638261754478547,0.012638261754478547,0.4936808691227607
6,vacuum_vs_excitation,1.85,0.01415155903302101,0.01415155903302101,0.4929242204834895
6,vacuum_vs_excitation,1.875,0.01581168255356256,0.01581168255356256,0.4920941587232187
6,vacuum_vs_excitation,1.9,0.01762905773081191,0.01762905773081191,0.49118547113459404
6,vacuum_vs_excitation,1.925,0.0196144821001483,0.0196144821001483,0.49019275894992587
6,vacuum_vs_excitation,1.95,0.021779105806023834,0.021779105806023834,0.4891104470969881
6,vacuum_vs_excitation,1.975,0.024134408672924938,0.024134408672924938,0.48793279566353753
6,vacuum_vs_excitation,2.0,0.026692173768427384,0.026692173768427384,0.4866539131157863
6,vacuum_vs_excitation,2.025,0.029464457386057585,0.029464457386057585,0.4852677713069712
6,vacuum_vs_excitation,2.05,0.03246355539533979,0.03246355539533979,0.48376822230233013
6,vacuum_vs_excitation,2.075,0.03570196592749242,0.03570196592749242,0.4821490170362538
6,vacuum_vs_excitation,2.1,0.03919234838763748,0.03919234838763748,0.48040382580618124
6,vacuum_vs_excitation,2.125,0.0429474788080058,0.0429474788080058,0.4785262605959971
6,vacuum_vs_excitation,2.15,0.04698020158132289,0.04698020158132289,0.47650989920933856
6,vacuum_vs_excitation,2.175,0.051303377639231235,0.051303377639231235,0.4743483111803844
6,vacuum_vs_excitation,2.2,0.05592982916707645,0.05592982916707645,0.4720350854164618
6,vacuum_vs_excitation,2.225,0.060872280973517094,0.060872280973517094,0.4695638595132415
6,vacuum_vs_excitation,2.25,0.06614329866102829,0.06614329866102829,0.46692835066948585
6,vacuum_vs_excitation,2.275,0.07175522377128457,0.07175522377128457,0.4641223881143577
6,vacuum_vs_excitation,2.3,0.0777201061074391,0.0777201061074391,0.46113994694628047
6,vacuum_vs_excitation,2.325,0.08404963346326456,0.08404963346326456,0.4579751832683677
6,vacuum_vs_excitation,2.35,0.09075505901678736,0.09075505901678736,0.4546224704916063
6,vacuum_vs_excitation,2.375,0.09784712667321867,0.09784712667321867,0.45107643666339065
6,vacuum_vs_excitation,2.4,0.10533599466845768,0.10533599466845768,0.44733200266577117
6,vacuum_vs_excitation,2.425,0.11323115776999192,0.11323115776999192,0.44338442111500403
6,vacuum_vs_excitation,2.45,0.12154136843644575,0.12154136843644575,0.43922931578177715
6,vacuum_vs_excitation,2.475,0.1302745573200967,0.1302745573200967,0.43486272133995163
6,vacuum_vs_excitation,2.5,0.1394377535182067,0.1394377535182067,0.4302811232408966
6,vacuum_vs_excitation,2.525,0.14903700499876563,0.14903700499876563,0.4254814975006172
6,vacuum_vs_excitation,2.55,0.15907729964404307,0.15907729964404307,0.4204613501779785
6,vacuum_vs_excitation,2.575,0.16956248737098117,0.16956248737098117,0.41521875631450944
6,vacuum_vs_excitation,2.6,0.18049520380075543,0.18049520380075543,0.4097523980996223
6,vacuum_vs_excitation,2.625,0.19187679596062102,0.19187679596062102,0.4040616020196895
6,vacuum_vs_excitation,2.65,0.20370725050926697,0.20370725050926697,0.3981463747453665
6,vacuum_vs_excitation,2.675,0.21598512498219918,0.21598512498219918,0.39200743750890044
6,vacuum_vs_excitation,2.7,0.2287074825560066,0.2287074825560066,0.3856462587219967
6,vacuum_vs_excitation,2.725,0.24186983082964644,0.24186983082964644,0.3790650845851768
6,vacuum_vs_excitation,2.75,0.25546606511700065,0.25546606511700065,0.3722669674414997
6,vacuum_vs_excitation,2.775,0.2694884167378257,0.2694884167378257,0.3652557916310871
6,vacuum_vs_excitation,2.8,0.2839274067838107,0.2839274067838107,0.35803629660809466
6,vacuum_vs_excitation,2.825,0.2987718058227089,0.2987718058227089,0.35061409708864555
6,vacuum_vs_excitation,2.85,0.3140085999864183,0.3140085999864183,0.34299570000679086
6,vacuum_vs_excitation,2.875,0.3296229638684761,0.3296229638684761,0.33518851806576194
6,vacuum_vs_excitation,2.9,0.34559824063269784,0.34559824063269784,0.3272008796836511
6,vacuum_vs_excitation,2.925,0.36191592970774317,0.36191592970774317,0.3190420351461284
6,vacuum_vs_excitation,2.95,0.3785556824122589,0.3785556824122589,0.31072215879387055
6,vacuum_vs_excitation,2.975,0.3954953058220603,0.3954953058220603,0.30225234708896986
6,vacuum_vs_excitation,3.0,0.41271077515470905,0.41271077515470905,0.2936446124226455
6,vacuum_vs_excitation,3.025,0.430176254907928,0.430176254907928,0.284911872546036
6,vacuum_vs_excitation,3.05,0.4478641289468073,0.4478641289468073,0.27606793552659636
6,vacuum_vs_excitation,3.075,0.4657450396908256,0.4657450396908256,0.2671274801545872
6,vacuum_vs_excitation,3.1,0.48378793650559326,0.48378793650559326,0.25810603174720337
6,vacuum_vs_excitation,3.125,0.5019601333561637,0.5019601333561637,0.24901993332191813
6,vacuum_vs_excitation,3.15,0.5202273757289593,0.5202273757289593,0.23988631213552036
6,vacuum_vs_excitation,3.175,0.5385539167781541,0.5385539167781541,0.23072304161092294
6,vacuum_vs_excitation,3.2,0.556902602600006,0.556902602600006,0.221548698699997
6,vacuum_vs_excitation,3.225,0.5752349664854118,0.5752349664854118,0.21238251675729408
6,vacuum_vs_excitation,3.25,0.5935113319472648,0.5935113319472648,0.2032443340263676
6,vacuum_vs_excitation,3.275,0.6116909242652279,0.6116909242652279,0.19415453786738607
6,vacuum_vs_excitation,3.3,0.6297319902367967,0.6297319902367967,0.18513400488160164
6,vacuum_vs_excitation,3.325,0.6475919257701578,0.6475919257701578,0.1762040371149211
6,vacuum_vs_excitation,3.35,0.6652274109018985,0.6652274109018985,0.16738629454905074
6,vacuum_vs_excitation,3.375,0.6825945517712657,0.6825945517712657,0.15870272411436714
6,vacuum_vs_excitation,3.4,0.6996490290328664,0.6996490290328664,0.1501754854835668
6,vacuum_vs_excitation,3.425,0.7163462521417481,0.7163462521417481,0.14182687392912596
6,vacuum_vs_excitation,3.45,0.7326415188990255,0.7326415188990255,0.13367924055048724
6,vacuum_vs_excitation,3.475,0.7484901796029885,0.7484901796029885,0.12575491019850576
6,vacuum_vs_excitation,3.5,0.7638478051102415,0.7638478051102415,0.11807609744487924
6,vacuum_vs_excitation,3.525,0.7786703580741714,0.7786703580741714,0.1106648209629143
6,vacuum_vs_excitation,3.55,0.7929143665942866,0.7929143665942866,0.1035428167028567
6,vacuum_vs_excitation,3.575,0.8065370994798843,0.8065370994798843,0.09673145026005786
6,vacuum_vs_excitation,3.6,0.819496742305449,0.819496742305449,0.0902516288472755
6,vacuum_vs_excitation,3.625,0.8317525734133315,0.8317525734133315,0.08412371329333423
6,vacuum_vs_excitation,3.65,0.8432651390018426,0.8432651390018426,0.07836743049907868
6,vacuum_vs_excitation,3.675,0.8539964264241056,0.8539964264241056,0.07300178678794722
6,vacuum_vs_excitation,3.7,0.8639100348150286,0.8639100348150286,0.0680449825924857
6,vacuum_vs_excitation,3.725,0.8729713421606623,0.8729713421606623,0.06351432891966885
6,vacuum_vs_excitation,3.75,0.881147667926183,0.881147667926183,0.05942616603690848
6,vacuum_vs_excitation,3.775,0.8884084303657861,0.8884084303657861,0.05579578481710695
6,vacuum_vs_excitation,3.8,0.8947252976499934,0.8947252976499934,0.05263735117500329
6,vacuum_vs_excitation,3.825,0.9000723319632448,0.9000723319632448,0.04996383401837762
6,vacuum_vs_excitation,3.85,0.9044261257471456,0.9044261257471456,0.047786937126427176
6,vacuum_vs_excitation,3.875,0.9077659292923457,0.9077659292923457,0.04611703535382716
6,vacuum_vs_excitation,3.9,0.9100737689146081,0.9100737689146081,0.04496311554269594
6,vacuum_vs_excitation,3.925,0.9113345549880996,0.9113345549880996,0.04433272250595022
6,vacuum_vs_excitation,3.95,0.9115361791511257,0.9115361791511257,0.04423191042443714
6,vacuum_vs_excitation,3.975,0.9106696000462748,0.9106696000462748,0.04466519997686258
6,vacuum_vs_excitation,4.0,0.9087289170079867,0.9087289170079867,0.045635541496006626
6,vacuum_vs_excitation,4.025,0.9057114311656995,0.9057114311656995,0.04714428441715024
6,vacuum_vs_excitation,4.05,0.9016176934896737,0.9016176934896737,0.049191153255163156
6,vacuum_vs_excitation,4.075,0.8964515393690243,0.8964515393690243,0.051774230315487835
6,vacuum_vs_excitation,4.1,0.890220109377103,0.890220109377103,0.054889945311448474
6,vacuum_vs_excitation,4.125,0.882933855947797,0.882933855947797,0.058533072026101474
6,vacuum_vs_excitation,4.15,0.8746065357571907,0.8746065357571907,0.06269673212140464
6,vacuum_vs_excitation,4.175,0.8652551876779336,0.8652551876779336,0.06737240616103318
6,vacuum_vs_excitation,4.2,0.8549000962482373,0.8549000962482373,0.07254995187588137
6,vacuum_vs_excitation,4.225,0.8435647406731643,0.8435647406731643,0.07821762966341783
6,vacuum_vs_excitation,4.25,0.8312757294524142,0.8312757294524142,0.08436213527379288
6,vacuum_vs_excitation,4.275,0.8180627208056676,0.8180627208056676,0.09096863959716622
6,vacuum_vs_excitation,4.3,0.8039583291432474,0.8039583291432474,0.09802083542837631
6,vacuum_vs_excitation,4.325,0.7889980179060015,0.7889980179060015,0.10550099104699923
6,vacuum_vs_excitation,4.35,0.7732199791733652,0.7732199791733652,0.11339001041331742
6,vacuum_vs_excitation,4.375,0.7566650005120927,0.7566650005120927,0.12166749974395363
6,vacuum_vs_excitation,4.4,0.7393763196097883,0.7393763196097883,0.13031184019510583
6,vacuum_vs_excitation,4.425,0.7213994673064585,0.7213994673064585,0.13930026634677073
6,vacuum_vs_excitation,4.45,0.7027820997037034,0.7027820997037034,0.1486089501481483
6,vacuum_vs_excitation,4.475,0.6835738200941804,0.6835738200941804,0.15821308995290978
6,vacuum_vs_excitation,4.5,0.6638259915133653,0.6638259915133653,0.16808700424331735
6,vacuum_vs_excitation,4.525,0.6435915407709797,0.6435915407709797,0.17820422961451016
6,vacuum_vs_excitation,4.55,0.6229247548703498,0.6229247548703498,0.1885376225648251
6,vacuum_vs_excitation,4.575,0.6018810707701262,0.6018810707701262,0.1990594646149369
6,vacuum_vs_excitation,4.6,0.5805168594839116,0.5805168594839116,0.20974157025804419
6,vacuum_vs_excitation,4.625,0.5588892055490375,0.5588892055490375,0.22055539722548123
6,vacuum_vs_excitation,4.65,0.5370556829259664,0.5370556829259664,0.2314721585370168
6,vacuum_vs_excitation,4.675,0.515074128414065,0.515074128414065,0.24246293579296752
6,vacuum_vs_excitation,4.7,0.4930024136878899,0.4930024136878899,0.25349879315605506
6,vacuum_vs_excitation,4.725,0.47089821707034185,0.47089821707034185,0.2645508914648291
6,vacuum_vs_excitation,4.75,0.4488187961649791,0.4488187961649791,0.27559060191751045
6,vacuum_vs_excitation,4.775,0.4268207624694752,0.4268207624694752,0.2865896187652624
6,vacuum_vs_excitation,4.8,0.40495985908547194,0.40495985908547194,0.29752007045726403
6,vacuum_vs_excitation,4.825,0.38329074262706175,0.38329074262706175,0.3083546286864691
6,vacuum_vs_excitation,4.85,0.36186677041080983,0.36186677041080983,0.3190666147945951
6,vacuum_vs_excitation,4.875,0.3407397939846631,0.3407397939846631,0.3296301030076685
6,vacuum_vs_excitation,4.9,0.3199599600215213,0.3199599600215213,0.34002001998923936
6,vacuum_vs_excitation,4.925,0.29957551956567335,0.29957551956567335,0.35021224021716335
6,vacuum_vs_excitation,4.95,0.2796326465770926,0.2796326465770926,0.3601836767114537
6,vacuum_vs_excitation,4.975,0.26017526666985413,0.26017526666985413,0.36991236666507293
6,vacuum_vs_excitation,5.0,0.24124489688700518,0.24124489688700518,0.37937755155649744
6,vacuum_vs_excitation,5.025,0.2228804972954317,0.2228804972954317,0.38855975135228416
6,vacuum_vs_excitation,5.05,0.20511833512085795,0.20511833512085795,0.397440832439571
6,vacuum_vs_excitation,5.075,0.18799186207556864,0.18799186207556864,0.4060040689622157
6,vacuum_vs_excitation,5.1,0.17153160546008805,0.17153160546008805,0.414234197269956
6,vacuum_vs_excitation,5.125,0.1557650735452789,0.1557650735452789,0.42211746322736055
6,vacuum_vs_excitation,5.15,0.14071667566369292,0.14071667566369292,0.4296416621681535
6,vacuum_vs_excitation,5.175,0.1264076573588115,0.1264076573588115,0.43679617132059423
6,vacuum_vs_excitation,5.2,0.11285605085869109,0.11285605085869109,0.44357197457065445
6,vacuum_vs_excitation,5.225,0.10007664105686552,0.10007664105686552,0.44996167947156723
6,vacuum_vs_excitation,5.25,0.08808094709867482,0.08808094709867482,0.45595952645066257
6,vacuum_vs_excitation,5.275,0.07687721958604692,0.07687721958604692,0.46156139020697656
6,vacuum_vs_excitation,5.3,0.06647045332857668,0.06647045332857668,0.46676477333571165
6,vacuum_vs_excitation,5.325,0.05686241548412973,0.05686241548412973,0.47156879225793513
6,vacuum_vs_excitation,5.35,0.04805168884858668,0.04805168884858668,0.47597415557570666
6,vacuum_vs_excitation,5.375,0.04003372997226691,0.04003372997226691,0.4799831350138665
6,vacuum_vs_excitation,5.4,0.03280094170053909,0.03280094170053909,0.4835995291497305
6,vacuum_vs_excitation,5.425,0.02634275965857404,0.02634275965857404,0.486828620170713
6,vacuum_vs_excitation,5.45,0.02064575212564034,0.02064575212564034,0.4896771239371798
6,vacuum_vs_excitation,5.475,0.015693732673194495,0.015693732673194495,0.49215313366340274
6,vacuum_vs_excitation,5.5,0.011467884873706608,0.011467884873706608,0.4942660575631467
6,vacuum_vs_excitation,5.525,0.007946898324115662,0.007946898324115662,0.49602655083794217
6,vacuum_vs_excitation,5.55,0.0051071151693519124,0.0051071151693519124,0.49744644241532404
6,vacuum_vs_excitation,5.575,0.0029226862578918718,0.0029226862578918718,0.4985386568710541
6,vacuum_vs_excitation,5.6,0.0013657360130986515,0.0013657360130986515,0.4993171319934507
6,vacuum_vs_excitation,5.625,0.00040653506144462805,0.00040653506144462805,0.4997967324692777
6,vacuum_vs_excitation,5.65,1.3679621857167183e-05,1.3679621857167183e-05,0.4999931601890714
6,vacuum_vs_excitation,5.675,0.00015427662956841843,0.00015427662956841843,0.49992286168521577
6,vacuum_vs_excitation,5.7,0.0007941335431688568,0.0007941335431688568,0.4996029332284156
6,vacuum_vs_excitation,5.725,0.001897951765179411,0.001897951765179411,0.4990510241174103
6,vacuum_vs_excitation,5.75,0.003429522594465816,0.003429522594465816,0.4982852387027671
6,vacuum_vs_excitation,5.775,0.005351924623264373,0.005351924623264373,0.4973240376883678
6,vacuum_vs_excitation,5.8,0.007627721492484903,0.007627721492484903,0.49618613925375754
6,vacuum_vs_excitation,5.825,0.010219158926265374,0.010219158926265374,0.4948904205368673
6,vacuum_vs_excitation,5.85,0.013088359980403407,0.013088359980403407,0.4934558200097983
6,vacuum_vs_excitation,5.875,0.01619751745917449,0.01619751745917449,0.49190124127041274
6,vacuum_vs_excitation,5.9,0.019509082480999647,0.019509082480999647,0.49024545875950015
6,vacuum_vs_excitation,5.925,0.02298594820527537,0.02298594820527537,0.48850702589736233
6,vacuum_vs_excitation,5.95,0.02659162777018332,0.02659162777018332,0.48670418611490834
6,vacuum_vs_excitation,5.975,0.030290425534199753,0.030290425534199753,0.4848547872329001
6,vacuum_vs_excitation,6.0,0.03404760076204238,0.03404760076204238,0.4829761996189788
6,opposite_phase_pulse,0.0,1.2479696510477003e-32,1.1171256200838383e-16,0.49999999999999994
6,opposite_phase_pulse,0.025,6.6217524674850746e-21,8.137415110147125e-11,0.49999999995931294
6,opposite_phase_pulse,0.05,6.777648433450027e-18,2.603391717250792e-09,0.49999999869830414
6,opposite_phase_pulse,0.075,3.9054265557217984e-16,1.9762152098700684e-08,0.49999999011892393
6,opposite_phase_pulse,0.1,6.92792860717585e-15,8.323417932061234e-08,0.49999995838291034
6,opposite_phase_pulse,0.125,6.443499345495117e-14,2.5384048821051217e-07,0.4999998730797559
6,opposite_phase_pulse,0.15,3.9831179542412957e-13,6.311194779311835e-07,0.49999968444026105
6,opposite_phase_pulse,0.175,1.857165509837154e-12,1.3627785989797293e-06,0.4999993186107005
6,opposite_phase_pulse,0.2,7.043689608044051e-12,2.653995027886083e-06,0.49999867300248607
6,opposite_phase_pulse,0.225,2.2815295614271244e-11,4.776535942947697e-06,0.4999976117320285
6,opposite_phase_pulse,0.25,6.524874330356338e-11,8.077669422770616e-06,0.4999959611652886
6,opposite_phase_pulse,0.275,1.6870989928451289e-10,1.2988837487801319e-05,0.4999935055812561
6,opposite_phase_pulse,0.3,4.013636951627892e-10,2.0034063371238228e-05,0.4999899829683144
6,opposite_phase_pulse,0.325,8.903101669942209e-10,2.9838065738151005e-05,0.4999850809671309
6,opposite_phase_pulse,0.35,1.8605465515023388e-09,4.313405327003641e-05,0.499978432973365
6,opposite_phase_pulse,0.375,3.6931355644519696e-09,6.07711737952458e-05,0.4999696144131024
6,opposite_phase_pulse,0.4,7.009305129165684e-09,8.372159296839546e-05,0.4999581392035158
6,opposite_phase_pulse,0.425,1.2788709915961087e-08,0.00011308717838889202,0.49994345641080556
6,opposite_phase_pulse,0.45,2.2531740983564318e-08,0.00015010576599039865,0.4999249471170048
6,opposite_phase_pulse,0.475,3.8477563366363566e-08,0.0001961569865346722,0.4999019215067327
6,opposite_phase_pulse,0.5,6.389147533001215e-08,0.0002527676310962544,0.49987361618445186
6,opposite_phase_pulse,0.525,1.0343719592739517e-07,0.0003216165355316719,0.4998391917322342
6,opposite_phase_pulse,0.55,1.6365177426975068e-07,0.00040453896508216693,0.4997977305174589
6,opposite_phase_pulse,0.575,2.535429457617813e-07,0.0005035304814624248,0.4997482347592688
6,opposite_phase_pulse,0.6,3.8533090519781996e-07,0.0006207502760352346,0.4996896248619824
6,opposite_phase_pulse,0.625,5.753585887320752e-07,0.0007585239539606348,0.4996207380230197
6,opposite_phase_pulse,0.65,8.451966182241692e-07,0.0009193457555371478,0.49954032712223145
6,opposite_phase_pulse,0.675,1.2229710218746481e-06,0.0011058802023160774,0.49944705989884197
6,opposite_phase_pulse,0.7,1.744943662065413e-06,0.0013209631569674504,0.49933951842151625
6,opposite_phase_pulse,0.725,2.4573769311587177e-06,0.0015676022873033573,0.4992161988563483
6,opposite_phase_pulse,0.75,3.4187156740550587e-06,0.0018489769263176485,0.49907551153684115
6,opposite_phase_pulse,0.775,4.702120417622373e-06,0.0021684373215803063,0.49891578133920983
6,opposite_phase_pulse,0.8,6.398386786974799e-06,0.002529503268820738,0.49873524836558963
6,opposite_phase_pulse,0.825,8.619286423181749e-06,0.002935862126051179,0.49853206893697444
6,opposite_phase_pulse,0.85,1.150136474394084e-05,0.0033913662061093963,0.4983043168969453
6,opposite_phase_pulse,0.875,1.5210230467782198e-05,0.0039000295470396373,0.4980499852264802
6,opposite_phase_pulse,0.9,1.9945370915902196e-05,0.004466024061276674,0.49776698796936164
6,opposite_phase_pulse,0.925,2.5945525679512652e-05,0.005093675066149455,0.4974531624669253
6,opposite_phase_pulse,0.95,3.349464926423382e-05,0.005787456199768066,0.49710627190011597
6,opposite_phase_pulse,0.975,4.2928490770769306e-05,0.006551983727907855,0.49672400813604606
6,opposite_phase_pulse,1.0,5.464181552196119e-05,0.0073920102490433,0.4963039948754783
6,opposite_phase_pulse,1.025,6.90962897850597e-05,0.008312417806213767,0.49584379109689314
6,opposite_phase_pulse,1.05,8.68290453553896e-05,0.00931821041592159,0.4953408947920392
6,opposite_phase_pulse,1.075,0.0001084619357606272,0.010414506025761721,0.4947927469871191
6,opposite_phase_pulse,1.1,0.000134711490217559,0.011606527913961134,0.49419673604301945
6,opposite_phase_pulse,1.125,0.00016639956523656314,0.012899595545464328,0.4935502022272678
6,opposite_phase_pulse,1.15,0.00020446468694135288,0.014299114900627692,0.49285044254968613
6,opposite_phase_pulse,1.175,0.0002499740697788049,0.0158105682939863,0.49209471585300685
6,opposite_phase_pulse,1.2,0.0003041362893693909,0.01743950370192314,0.4912802481490384
6,opposite_phase_pulse,1.225,0.0003683145788339145,0.019191523619398083,0.49040423819030093
6,opposite_phase_pulse,1.25,0.0004440407090759226,0.021072273467187222,0.4894638632664064
6,opposite_phase_pulse,1.275,0.0005330294042571997,0.023087429572327876,0.48845628521383605
6,opposite_phase_pulse,1.3,0.0006371932341400935,0.02524268674567138,0.4873786566271643
6,opposite_phase_pulse,1.325,0.0007586579151549843,0.027543745481596802,0.4862281272592016
6,opposite_phase_pulse,1.35,0.0008997779420616507,0.0299962988060469,0.48500185059697654
6,opposite_phase_pulse,1.375,0.0010631524619921797,0.032606018800095476,0.48369699059995225
6,opposite_phase_pulse,1.4,0.0012516412925798347,0.03537854282725385,0.4823107285863731
6,opposite_phase_pulse,1.425,0.0014683809758863017,0.03831945949366068,0.48084027025316967
6,opposite_phase_pulse,1.45,0.0017168007500373398,0.04143429437117688,0.4792828528144116
6,opposite_phase_pulse,1.475,0.002000638310965906,0.044728495514223435,0.4776357522428883
6,opposite_phase_pulse,1.5,0.002323955227546549,0.048207418801949446,0.4758962905990253
6,opposite_phase_pulse,1.525,0.002691151864792429,0.05187631313800576,0.4740618434309971
6,opposite_phase_pulse,1.55,0.0031069816617831235,0.05574030554081242,0.4721298472295938
6,opposite_phase_pulse,1.575,0.003576564603706437,0.059804386157759674,0.4700978069211202
6,opposite_phase_pulse,1.6,0.004105399720936256,0.06407339323725766,0.46796330338137115
6,opposite_phase_pulse,1.625,0.004699376442536302,0.06855199809295351,0.46572400095352323
6,opposite_phase_pulse,1.65,0.005364784627078768,0.07324469009476911,0.46337765495261546
6,opposite_phase_pulse,1.675,0.006108323090293958,0.0781557617216668,0.4609221191391666
6,opposite_phase_pulse,1.7,0.006937106446916426,0.08328929371123533,0.45835535314438236
6,opposite_phase_pulse,1.725,0.00785867008325034,0.08864914034129344,0.4556754298293533
6,opposite_phase_pulse,1.75,0.008880973077522046,0.0942389148787381,0.4528805425606309
6,opposite_phase_pulse,1.775,0.010012398887093597,0.1000619752308218,0.4499690123845891
6,opposite_phase_pulse,1.8,0.011261753625137772,0.1061214098339151,0.4469392950830424
6,opposite_phase_pulse,1.825,0.012638261754478547,0.11242002381461474,0.44378998809269266
6,opposite_phase_pulse,1.85,0.01415155903302101,0.11896032545778029,0.4405198372711099
6,opposite_phase_pulse,1.875,0.01581168255356256,0.1257445130157279,0.43712774349213607
6,opposite_phase_pulse,1.9,0.01762905773081191,0.13277446189238318,0.4336127690538084
6,opposite_phase_pulse,1.925,0.0196144821001483,0.1400517122356892,0.4299741438821554
6,opposite_phase_pulse,1.95,0.021779105806023834,0.14757745697098806,0.426211271514506
6,opposite_phase_pulse,1.975,0.024134408672924938,0.1553525303074428,0.4223237348462786
6,opposite_phase_pulse,2.0,0.026692173768427384,0.1633773967488385,0.4183113016255807
6,opposite_phase_pulse,2.025,0.029464457386057585,0.17165214063931036,0.41417392968034483
6,opposite_phase_pulse,2.05,0.03246355539533979,0.18017645627367573,0.40991177186316213
6,opposite_phase_pulse,2.075,0.03570196592749242,0.1889496386011162,0.4055251806994419
6,opposite_phase_pulse,2.1,0.03919234838763748,0.19797057454995043,0.40101471272502476
6,opposite_phase_pulse,2.125,0.0429474788080058,0.20723773500018233,0.3963811324999088
6,opposite_phase_pulse,2.15,0.04698020158132289,0.21674916742936498,0.3916254162853175
6,opposite_phase_pulse,2.175,0.051303377639231235,0.22650248925614755,0.3867487553719262
6,opposite_phase_pulse,2.2,0.05592982916707645,0.23649488190461215,0.3817525590476939
6,opposite_phase_pulse,2.225,0.060872280973517094,0.24672308561121128,0.37663845719439437
6,opposite_phase_pulse,2.25,0.06614329866102829,0.25718339499475523,0.37140830250262236
6,opposite_phase_pulse,2.275,0.07175522377128457,0.26787165540848956,0.3660641722957552
6,opposite_phase_pulse,2.3,0.0777201061074391,0.27878326009184823,0.36060836995407586
6,opposite_phase_pulse,2.325,0.08404963346326456,0.28991314813796315,0.35504342593101845
6,opposite_phase_pulse,2.35,0.09075505901678736,0.3012558032914675,0.34937209835426625
6,opposite_phase_pulse,2.375,0.09784712667321867,0.3128052535895436,0.3435973732052282
6,opposite_phase_pulse,2.4,0.10533599466845768,0.3245550718575473,0.33772246407122636
6,opposite_phase_pulse,2.425,0.11323115776999192,0.33649837706888264,0.3317508114655587
6,opposite_phase_pulse,2.45,0.12154136843644575,0.3486278365771238,0.3256860817114381
6,opposite_phase_pulse,2.475,0.1302745573200967,0.3609356692266597,0.3195321653866702
6,opposite_phase_pulse,2.5,0.1394377535182067,0.3734136493464141,0.31329317532679296
6,opposite_phase_pulse,2.525,0.14903700499876563,0.3860531116294306,0.3069734441852847
6,opposite_phase_pulse,2.55,0.15907729964404307,0.3988449568993484,0.3005775215503258
6,opposite_phase_pulse,2.575,0.16956248737098117,0.41177965876301026,0.29411017061849487
6,opposite_phase_pulse,2.6,0.18049520380075543,0.42484727114665033,0.28757636442667484
6,opposite_phase_pulse,2.625,0.19187679596062102,0.43803743671131695,0.28098128164434155
6,opposite_phase_pulse,2.65,0.20370725050926697,0.4513393961413816,0.2743303019293092
6,opposite_phase_pulse,2.675,0.21598512498219918,0.4647419982981947,0.2676290008509027
6,opposite_phase_pulse,2.7,0.2287074825560066,0.4782337112291506,0.2608831443854247
6,opposite_phase_pulse,2.725,0.24186983082964644,0.491802634020647,0.2540986829896765
6,opposite_phase_pulse,2.75,0.25546606511700065,0.5054365094816565,0.24728174525917174
6,opposite_phase_pulse,2.775,0.2694884167378257,0.5191227376428678,0.24043863117856612
6,opposite_phase_pulse,2.8,0.2839274067838107,0.5328483900546296,0.2335758049726852
6,opposite_phase_pulse,2.825,0.2987718058227089,0.5466002248652199,0.22669988756739007
6,opposite_phase_pulse,2.85,0.3140085999864183,0.5603647026592755,0.21981764867036224
6,opposite_phase_pulse,2.875,0.3296229638684761,0.5741280030345812,0.2129359984827094
6,opposite_phase_pulse,2.9,0.34559824063269784,0.5878760418937804,0.2060619790531098
6,opposite_phase_pulse,2.925,0.36191592970774317,0.6015944894260112,0.19920275528699438
6,opposite_phase_pulse,2.95,0.3785556824122589,0.6152687887519234,0.19236560562403832
6,opposite_phase_pulse,2.975,0.3954953058220603,0.6288841752040357,0.18555791239798214
6,opposite_phase_pulse,3.0,0.41271077515470905,0.6424256962129621,0.17878715189351896
6,opposite_phase_pulse,3.025,0.430176254907928,0.6558782317686173,0.17206088411569137
6,opposite_phase_pulse,3.05,0.4478641289468073,0.6692265154241928,0.16538674228790362
6,opposite_phase_pulse,3.075,0.4657450396908256,0.682455155809395,0.1587724220953025
6,opposite_phase_pulse,3.1,0.48378793650559326,0.6955486586182115,0.15222567069089427
6,opposite_phase_pulse,3.125,0.5019601333561637,0.7084914490353174,0.14575427548234132
6,opposite_phase_pulse,3.15,0.5202273757289593,0.7212678945641205,0.13936605271793973
6,opposite_phase_pulse,3.175,0.5385539167781541,0.733862328218416,0.133068835890792
6,opposite_phase_pulse,3.2,0.556902602600006,0.7462590720386627,0.12687046398066865
6,opposite_phase_pulse,3.225,0.5752349664854118,0.7584424608929882,0.12077876955350592
6,opposite_phase_pulse,3.25,0.5935113319472648,0.7703968665222262,0.11480156673888692
6,opposite_phase_pulse,3.275,0.6116909242652279,0.7821067217875243,0.10894663910623786
6,opposite_phase_pulse,3.3,0.6297319902367967,0.7935565450784189,0.10322172746079056
6,opposite_phase_pulse,3.325,0.6475919257701578,0.8047309648386582,0.09763451758067088
6,opposite_phase_pulse,3.35,0.6652274109018985,0.8156147441665694,0.09219262791671529
6,opposite_phase_pulse,3.375,0.6825945517712657,0.826192805446323,0.0869035972768385
6,opposite_phase_pulse,3.4,0.6996490290328664,0.8364502549661076,0.0817748725169462
6,opposite_phase_pulse,3.425,0.7163462521417481,0.8463724074789702,0.07681379626051488
6,opposite_phase_pulse,3.45,0.7326415188990255,0.855944810661894,0.07202759466905301
6,opposite_phase_pulse,3.475,0.7484901796029885,0.8651532694285958,0.06742336528570209
6,opposite_phase_pulse,3.5,0.7638478051102415,0.8739838700515253,0.06300806497423733
6,opposite_phase_pulse,3.525,0.7786703580741714,0.882423004048609,0.05878849797569552
6,opposite_phase_pulse,3.55,0.7929143665942866,0.89045739179047,0.054771304104764995
6,opposite_phase_pulse,3.575,0.8065370994798843,0.8980741057840852,0.0509629471079574
6,opposite_phase_pulse,3.6,0.819496742305449,0.905260593589188,0.04736970320540601
6,opposite_phase_pulse,3.625,0.8317525734133315,0.9120047003241439,0.04399764983792803
6,opposite_phase_pulse,3.65,0.8432651390018426,0.9182946907185311,0.040852654640734454
6,opposite_phase_pulse,3.675,0.8539964264241056,0.924119270670245,0.03794036466487749
6,opposite_phase_pulse,3.7,0.8639100348150286,0.9294676082656289,0.035266195867185546
6,opposite_phase_pulse,3.725,0.8729713421606623,0.934329354221873,0.03283532288906349
6,opposite_phase_pulse,3.75,0.881147667926183,0.9386946617117746,0.030652669144112688
6,opposite_phase_pulse,3.775,0.8884084303657861,0.9425542055318549,0.028722897234072564
6,opposite_phase_pulse,3.8,0.8947252976499934,0.9458992005758295,0.027050399712085227
6,opposite_phase_pulse,3.825,0.9000723319632448,0.9487214195764976,0.02563929021175121
6,opposite_phase_pulse,3.85,0.9044261257471456,0.9510132100802521,0.02449339495987396
6,opposite_phase_pulse,3.875,0.9077659292923457,0.9527675106196399,0.023616244690180033
6,opposite_phase_pulse,3.9,0.9100737689146081,0.9539778660506795,0.023011066974660266
6,opposite_phase_pulse,3.925,0.9113345549880996,0.9546384420229994,0.022680778988500294
6,opposite_phase_pulse,3.95,0.9115361791511257,0.9547440385522843,0.022627980723857855
6,opposite_phase_pulse,3.975,0.9106696000462748,0.9542901026659948,0.022854948667002606
6,opposite_phase_pulse,4.0,0.9087289170079867,0.9532727400948727,0.023363629952563636
6,opposite_phase_pulse,4.025,0.9057114311656995,0.9516887259843417,0.024155637007829134
6,opposite_phase_pulse,4.05,0.9016176934896737,0.9495355146015728,0.025232242699213592
6,opposite_phase_pulse,4.075,0.8964515393690243,0.9468112480156878,0.026594375992156083
6,opposite_phase_pulse,4.1,0.890220109377103,0.9435147637303314,0.028242618134834307
6,opposite_phase_pulse,4.125,0.882933855947797,0.9396456012496398,0.030177199375180097
6,opposite_phase_pulse,4.15,0.8746065357571907,0.9352040075604845,0.03239799621975775
6,opposite_phase_pulse,4.175,0.8652551876779336,0.9301909415157372,0.03490452924213139
6,opposite_phase_pulse,4.2,0.8549000962482373,0.9246080771052334,0.0376959614473833
6,opposite_phase_pulse,4.225,0.8435647406731643,0.9184578056030469,0.04077109719847655
6,opposite_phase_pulse,4.25,0.8312757294524142,0.9117432365816673,0.04412838170916633
6,opposite_phase_pulse,4.275,0.8180627208056676,0.9044681977856753,0.047765901107162334
6,opposite_phase_pulse,4.3,0.8039583291432474,0.8966372338595177,0.05168138307024117
6,opposite_phase_pulse,4.325,0.7889980179060015,0.888255603926033,0.05587219803698351
6,opposite_phase_pulse,4.35,0.7732199791733652,0.8793292780144223,0.060335360992788856
6,opposite_phase_pulse,4.375,0.7566650005120927,0.869864932338402,0.065067533830799
6,opposite_phase_pulse,4.4,0.7393763196097883,0.8598699434273699,0.07006502828631506
6,opposite_phase_pulse,4.425,0.7213994673064585,0.8493523811154347,0.07532380944228267
6,opposite_phase_pulse,4.45,0.7027820997037034,0.8383210003952564,0.08083949980237182
6,opposite_phase_pulse,4.475,0.6835738200941804,0.8267852321456767,0.08660738392716166
6,opposite_phase_pulse,4.5,0.6638259915133653,0.8147551727441595,0.09262241362792023
6,opposite_phase_pulse,4.525,0.6435915407709797,0.8022415725771008,0.09887921371144959
6,opposite_phase_pulse,4.55,0.6229247548703498,0.789255823463058,0.105372088268471
6,opposite_phase_pulse,4.575,0.6018810707701262,0.7758099450059442,0.11209502749702788
6,opposite_phase_pulse,4.6,0.5805168594839116,0.7619165698971979,0.11904171505140104
6,opposite_phase_pulse,4.625,0.5588892055490375,0.7475889281878361,0.12620553590608197
6,opposite_phase_pulse,4.65,0.5370556829259664,0.7328408305532426,0.13357958472337872
6,opposite_phase_pulse,4.675,0.515074128414065,0.7176866505753503,0.14115667471232485
6,opposite_phase_pulse,4.7,0.4930024136878899,0.7021413060687214,0.1489293469656393
6,opposite_phase_pulse,4.725,0.47089821707034185,0.6862202394788002,0.1568898802605999
6,opposite_phase_pulse,4.75,0.4488187961649791,0.6699393973823148,0.1650303013088426
6,opposite_phase_pulse,4.775,0.4268207624694752,0.6533152091215045,0.17334239543924773
6,opposite_phase_pulse,4.8,0.40495985908547194,0.6363645646054406,0.18181771769727972
6,opposite_phase_pulse,4.825,0.38329074262706175,0.6191047913132814,0.19044760434335928
6,opposite_phase_pulse,4.85,0.36186677041080983,0.6015536305358067,0.19922318473209666
6,opposite_phase_pulse,4.875,0.3407397939846631,0.5837292128929844,0.2081353935535078
6,opposite_phase_pulse,4.9,0.3199599600215213,0.5656500331667287,0.21717498341663566
6,opposite_phase_pulse,4.925,0.29957551956567335,0.5473349244892686,0.22633253775536571
6,opposite_phase_pulse,4.95,0.2796326465770926,0.5288030319288011,0.23559848403559946
6,opposite_phase_pulse,4.975,0.26017526666985413,0.510073785515247,0.24496310724237652
6,opposite_phase_pulse,5.0,0.24124489688700518,0.4911668727499903,0.25441656362500487
6,opposite_phase_pulse,5.025,0.2228804972954317,0.4721022106445083,0.26394889467774585
6,opposite_phase_pulse,5.05,0.20511833512085795,0.4528999173336842,0.2735500413331579
6,opposite_phase_pulse,5.075,0.18799186207556864,0.43358028331044834,0.28320985834477586
6,opposite_phase_pulse,5.1,0.17153160546008805,0.4141637423291518,0.2929181288354241
6,opposite_phase_pulse,5.125,0.1557650735452789,0.3946708420257049,0.30266457898714755
6,opposite_phase_pulse,5.15,0.14071667566369292,0.3751222143031427,0.31243889284842863
6,opposite_phase_pulse,5.175,0.1264076573588115,0.35553854553172076,0.3222307272341396
6,opposite_phase_pulse,5.2,0.11285605085869109,0.3359405466130742,0.33202972669346287
6,opposite_phase_pulse,5.225,0.10007664105686552,0.31634892295828276,0.3418255385208586
6,opposite_phase_pulse,5.25,0.08808094709867482,0.296784344429882,0.351607827785059
6,opposite_phase_pulse,5.275,0.07687721958604692,0.277267415298024,0.361366292350988
6,opposite_phase_pulse,5.3,0.06647045332857668,0.25781864426099343,0.3710906778695033
6,opposite_phase_pulse,5.325,0.05686241548412973,0.23845841458025702,0.38077079270987146
6,opposite_phase_pulse,5.35,0.04805168884858668,0.21920695438007134,0.39039652280996434
6,opposite_phase_pulse,5.375,0.04003372997226691,0.2000843071614236,0.3999578464192882
6,opposite_phase_pulse,5.4,0.03280094170053909,0.18111030257977898,0.4094448487101105
6,opposite_phase_pulse,5.425,0.02634275965857404,0.1623045275356607,0.41884773623216964
6,opposite_phase_pulse,5.45,0.02064575212564034,0.14368629762660162,0.4281568511866992
6,opposite_phase_pulse,5.475,0.015693732673194495,0.12527462900840894,0.43736268549579554
6,opposite_phase_pulse,5.5,0.011467884873706608,0.10708821071297535,0.4464558946435123
6,opposite_phase_pulse,5.525,0.007946898324115662,0.08914537746914117,0.4554273112654294
6,opposite_phase_pulse,5.55,0.0051071151693519124,0.07146408307221126,0.46426795846389435
6,opposite_phase_pulse,5.575,0.0029226862578918718,0.05406187434682479,0.4729690628265876
6,opposite_phase_pulse,5.6,0.0013657360130986515,0.036955865746842564,0.48152206712657875
6,opposite_phase_pulse,5.625,0.00040653506144462805,0.0201627146348062,0.4899186426825969
6,opposite_phase_pulse,5.65,1.3679621857167183e-05,0.003698597282371681,0.4981507013588142
6,opposite_phase_pulse,5.675,0.00015427662956841843,0.012420814368165174,0.4937895928159174
6,opposite_phase_pulse,5.7,0.0007941335431688568,0.028180375142443665,0.4859098124287782
6,opposite_phase_pulse,5.725,0.001897951765179411,0.04356548823529252,0.47821725588235375
6,opposite_phase_pulse,5.75,0.003429522594465816,0.058562125938748294,0.47071893703062584
6,opposite_phase_pulse,5.775,0.005351924623264373,0.07315684946240081,0.46342157526879957
6,opposite_phase_pulse,5.8,0.007627721492484903,0.08733682781327075,0.4563315860933646
6,opposite_phase_pulse,5.825,0.010219158926265374,0.10108985570404863,0.4494550721479757
6,opposite_phase_pulse,5.85,0.013088359980403407,0.11440437046023813,0.44279781476988095
6,opposite_phase_pulse,5.875,0.01619751745917449,0.12726946789852817,0.4363652660507359
6,opposite_phase_pulse,5.9,0.019509082480999647,0.13967491715050218,0.4301625414247489
6,opposite_phase_pulse,5.925,0.02298594820527537,0.15161117440767805,0.424194412796161
6,opposite_phase_pulse,5.95,0.02659162777018332,0.1630693955657631,0.4184653022171184
6,opposite_phase_pulse,5.975,0.030290425534199753,0.17404144774794236,0.4129792761260288
6,opposite_phase_pulse,6.0,0.03404760076204238,0.18451991968901996,0.40774004015549004
