qubits,units,injection,dynamics,mean,se,aL_initial,aC_initial,aL_post,aC_post
4,20000,injL,dynL,0.014748457043518227,0.0002521606015570715,0.24999999999999994,0.26584252807621395,0.3166324408989989,0.3029780548881765
4,20000,injL,dynC,0.008996192795448459,0.00023898823064042644,0.24999999999999994,0.26584252807621395,0.30070886469852903,0.29855900718384615
4,20000,injC,dynL,-0.024586456352468564,0.00025781951125395714,0.3091740220039886,0.2500000000000001,0.31033662286287816,0.3003355135638268
4,20000,injC,dynC,-0.035660936169017735,0.0003111814356445808,0.3091740220039886,0.2500000000000001,0.30448459056495175,0.3166324408989987
6,20000,injL,dynL,0.014004160998261846,0.00016458487544164047,0.1666666666666666,0.17731154978520713,0.2074087668896469,0.19004532801166368
6,20000,injL,dynC,0.0034905524557884526,0.0001524870972410136,0.1666666666666666,0.17731154978520713,0.1843512363132221,0.18801501452018565
6,20000,injC,dynL,-0.014028280322167856,0.00017056057298941256,0.20624362101981947,0.1666666666666668,0.19776945153738312,0.18624905782856618
6,20000,injC,dynC,-0.026663396819528902,0.00020691567428889442,0.20624362101981947,0.1666666666666668,0.1936589276037416,0.2074087668896467
8,1000,injL,dynL,0.01121491953768734,0.000544847063895473,0.12499999999999999,0.13282584504777406,0.15374126690864068,0.13913727288104008
8,1000,injL,dynC,0.0008522373469091015,0.0004982612449280424,0.12499999999999999,0.13282584504777406,0.13157843093975777,0.13769980129371368
8,1000,injC,dynL,-0.007859001854278805,0.0005593653565862693,0.15334305715040722,0.12500000000000014,0.1443395982451938,0.13171454480334432
8,1000,injC,dynC,-0.019995884990017865,0.0006691571262764049,0.15334305715040722,0.12500000000000014,0.1420925540790118,0.15374126690864048
