n,unit_index,unit_id,arm,z,gap_at_switch,gap_post_average,mean_d_L_switch,mean_d_C_switch,mean_d_L_post,mean_d_C_post
4,0,n4-u000,native,-0.009459603196746845,0.027659469053981728,0.008740262660488038,0.2500000000000005,0.22234053094601877,0.2809359495897165,0.2721956869292285
4,0,n4-u000,rotated,0.005036740371672333,0.003410975218642087,0.013484455961986754,0.25341097521864275,0.25000000000000067,0.27579078790955674,0.2623063319475699
4,1,n4-u001,native,-0.026302176174873952,0.09616259698338933,0.04355824463364143,0.250000000000001,0.15383740301661167,0.3059734805805284,0.262415235946887
4,1,n4-u001,rotated,0.012818662023873752,-0.0487747058184059,-0.023137381770658397,0.20122529418159493,0.25000000000000083,0.2587288588444789,0.2818662406151373
4,2,n4-u002,native,0.00165979151872068,-0.014546021713425838,-0.011226438675984479,0.25000000000000117,0.264546021713427,0.29999842110141917,0.31122485977740366
4,2,n4-u002,rotated,0.034292752967962914,-0.1155269558658133,-0.04694144992988746,0.13447304413418792,0.2500000000000012,0.2187736832350798,0.26571513316496725
4,3,n4-u003,native,0.04102348351304981,-0.12705532713392137,-0.045008360107821756,0.2500000000000011,0.3770553271339225,0.2775434017036549,0.3225517618114766
4,3,n4-u003,rotated,-0.062547162335973,0.14266749566155665,0.017573170989610646,0.39266749566155645,0.2499999999999998,0.39721866941922274,0.37964549842961204
4,4,n4-u004,native,0.09389610981928716,-0.11824017797206093,0.06955204166651338,0.2500000000000008,0.3682401779720617,0.3593570614573437,0.2898050197908304
4,4,n4-u004,rotated,-0.0402831740675628,0.10115755052712383,0.02059120239199823,0.3511575505271242,0.2500000000000004,0.2819878139941169,0.2613966116021186
4,5,n4-u005,native,-0.019457393614894687,0.056534026826381395,0.017619239596592017,0.2500000000000003,0.19346597317361888,0.3345398151652547,0.3169205755686627
4,5,n4-u005,rotated,0.013712767469481354,0.032585639189373516,0.060011174128336224,0.2825856391893738,0.2500000000000003,0.32281767115929894,0.2628064970309627
4,6,n4-u006,native,-0.03604243791693154,0.021732819727848768,-0.05035205610601432,0.25000000000000133,0.22826718027215256,0.2672112521678289,0.31756330827384327
4,6,n4-u006,rotated,-0.02818897601302133,0.0442896346910846,-0.012088317334958059,0.2942896346910869,0.2500000000000023,0.2599840458511451,0.27207236318610317
4,7,n4-u007,native,-0.03664131808720385,0.10415405678714951,0.030871420612741812,0.25000000000000006,0.14584594321285055,0.29740176145260483,0.26653034083986304
4,7,n4-u007,rotated,-0.03148321577207516,0.0012546434327158629,-0.06171178811143447,0.2512546434327173,0.25000000000000144,0.2662390623250329,0.3279508504364674
4,8,n4-u008,native,-0.020934623068810485,-0.004464556674708742,-0.04633380281232971,0.2500000000000006,0.25446455667470935,0.30042127589621165,0.3467550787085414
4,8,n4-u008,rotated,-0.030380345082784234,0.03053093296008902,-0.030229757205479445,0.28053093296009046,0.25000000000000144,0.2884545516926061,0.3186843088980855
4,9,n4-u009,native,0.0450765294761107,-0.09285872365793069,-0.0027056647057092874,0.2500000000000021,0.3428587236579328,0.29322771037183243,0.2959333750775417
4,9,n4-u009,rotated,-0.06937752095296984,0.01672194961438661,-0.12203309229155306,0.2667219496143888,0.25000000000000216,0.2029466778072989,0.32497977009885193
4,10,n4-u010,native,0.022440318328297557,0.027026890214763566,0.07190752687135868,0.2500000000000002,0.22297310978523666,0.3582792685573877,0.28637174168602897
4,10,n4-u010,rotated,-0.04146760989010495,0.13674042635590272,0.05380520657569282,0.386740426355903,0.2500000000000003,0.34980905762548686,0.29600385104979404
4,11,n4-u011,native,-0.0029308019226081117,-0.01948529809125535,-0.025346901936471572,0.24999999999999992,0.26948529809125527,0.3057175829614798,0.33106448489795137
4,11,n4-u011,rotated,-0.0700331417228836,0.11501578196890244,-0.025050501476864752,0.3650157819689034,0.25000000000000094,0.312322053759109,0.33737255523597376
4,12,n4-u012,native,0.04254897269757544,-0.07804834049981474,0.0070496048953361335,0.25000000000000056,0.3280483404998153,0.38166211147289625,0.3746125065775601
4,12,n4-u012,rotated,-0.04239855854937016,0.1410357030459783,0.056238585947237955,0.3910357030459792,0.2500000000000009,0.31782716441622455,0.26158857846898664
4,13,n4-u013,native,-0.0015144100627283129,0.055245550772810875,0.05221673064735425,0.2500000000000001,0.19475444922718924,0.30948335386836495,0.25726662322101074
4,13,n4-u013,rotated,-0.011526547937556038,0.013955938108630606,-0.009097157766481468,0.2639559381086306,0.25,0.32119995338201723,0.3302971111484987
4,14,n4-u014,native,0.05110362248293031,-0.06041499142640344,0.041792253539457175,0.25000000000000033,0.3104149914264038,0.35660961935521457,0.31481736581575737
4,14,n4-u014,rotated,0.007336596326999631,0.01588792767610747,0.030561120330106734,0.26588792767610886,0.2500000000000014,0.37531509285478465,0.3447539725246779
4,15,n4-u015,native,0.06221178446202047,-0.06420812095707462,0.060215447966966325,0.25000000000000044,0.31420812095707507,0.3938294825878836,0.3336140346209172
4,15,n4-u015,rotated,-0.07520469946373966,0.10165027240931529,-0.048759126518164025,0.3516502724093155,0.2500000000000002,0.3019718336726771,0.3507309601908411
4,16,n4-u016,native,0.038620224592988854,-0.0304478863121736,0.04679256287380411,0.25000000000000205,0.28044788631217565,0.335750510674474,0.28895794780066986
4,16,n4-u016,rotated,-0.0037401762185247794,0.08385050742884426,0.0763701549917947,0.333850507428845,0.2500000000000007,0.3693082415990614,0.29293808660726667
4,17,n4-u017,native,0.09106159776160166,-0.21332392042939952,-0.031200724906196183,0.25000000000000033,0.46332392042939985,0.30535544401223225,0.3365561689184285
4,17,n4-u017,rotated,-0.023644420547007466,0.1325754337131801,0.08528659261916516,0.38257543371318076,0.25000000000000067,0.36795159059302746,0.2826649979738623
4,18,n4-u018,native,-0.020979156602467054,0.1030215421370525,0.061063228932118394,0.2500000000000004,0.1469784578629479,0.32568248869612837,0.26461925976400996
4,18,n4-u018,rotated,-0.029425208315333084,0.025128439064385666,-0.0337219775662805,0.2751284390643862,0.25000000000000056,0.2932622980072215,0.326984275573502
4,19,n4-u019,native,-0.009291373707883615,0.08103197030488177,0.06244922288911454,0.2500000000000006,0.16896802969511884,0.3399009222407939,0.2774516993516794
4,19,n4-u019,rotated,-0.018130714070016235,0.0470488922247439,0.01078746408471143,0.29704889222474445,0.25000000000000056,0.24654552198624638,0.23575805790153498
4,20,n4-u020,native,0.01906694084125067,-0.01223499763603414,0.0258988840464672,0.25000000000000094,0.2622349976360351,0.34042673108624016,0.3145278470397729
4,20,n4-u020,rotated,0.016001073189817146,-0.033474608967133807,-0.0014724625874995162,0.21652539103286642,0.2500000000000002,0.27890401435169393,0.28037647693919343
4,21,n4-u021,native,0.04850543949605135,-0.09511147550087701,0.001899403491225689,0.2500000000000021,0.3451114755008791,0.24054013016236997,0.23864072667114428
4,21,n4-u021,rotated,-0.03241047527440978,0.02827748597785512,-0.03654346457096444,0.27827748597785673,0.2500000000000016,0.26288832310881866,0.29943178767978307
4,22,n4-u022,native,-0.00394768940386921,0.04525478367788452,0.0373594048701461,0.2500000000000009,0.20474521632211637,0.2615645161987741,0.224205111328628
4,22,n4-u022,rotated,-0.020937242728889256,-0.00281102179007392,-0.04468550724785243,0.2471889782099264,0.25000000000000033,0.23249937428198422,0.27718488152983667
4,23,n4-u023,native,0.02442602087108532,-0.010376546066847792,0.03847549567532285,0.25000000000000056,0.26037654606684835,0.3708066460447245,0.3323311503694017
4,23,n4-u023,rotated,-0.05541845366893537,0.07360411336462369,-0.03723279397324706,0.32360411336462447,0.2500000000000008,0.2503705798078304,0.2876033737810775
4,24,n4-u024,native,0.02185251692184309,-0.0489178868198738,-0.005212852976187622,0.25000000000000056,0.29891788681987436,0.23339372057426286,0.23860657355045048
4,24,n4-u024,rotated,-0.029466142014504055,0.0391931108922241,-0.019739173136784006,0.2891931108922254,0.2500000000000013,0.3061260386366571,0.3258652117734411
4,25,n4-u025,native,-0.021376942190324835,0.019060292148090657,-0.02369359223255901,0.25000000000000056,0.2309397078519099,0.266391917314091,0.29008550954665
4,25,n4-u025,rotated,-0.024897936097555542,0.17157783562316897,0.12178196342805789,0.42157783562316986,0.2500000000000009,0.4132292738232956,0.29144731039523775
4,26,n4-u026,native,0.08168551118535287,-0.06936731201925683,0.09400371035144892,0.2500000000000007,0.31936731201925755,0.41340221079347855,0.3193985004420296
4,26,n4-u026,rotated,-0.06419461254518531,0.131611067590024,0.003221842499653388,0.38161106759002494,0.25000000000000094,0.34811829450097603,0.34489645200132274
4,27,n4-u027,native,-0.023048175651541172,0.08831395730304634,0.04221760599996399,0.2500000000000011,0.16168604269695477,0.2766296229675529,0.23441201696758893
4,27,n4-u027,rotated,0.02629362861423532,-0.06134271295590499,-0.008755455727434351,0.18865728704409646,0.25000000000000144,0.2608877046254827,0.2696431603529171
4,28,n4-u028,native,-0.0035887791507521576,0.04394945003002815,0.03677189172852383,0.25000000000000033,0.20605054996997219,0.30793518963478506,0.27116329790626126
4,28,n4-u028,rotated,-0.037776912001013296,0.02205666585961069,-0.0534971581424159,0.2720566658596111,0.2500000000000004,0.276660712493191,0.33015787063560686
4,29,n4-u029,native,-0.0136779860851347,0.007331309841162037,-0.02002466232910736,0.25000000000000006,0.24266869015883802,0.2790908359500678,0.29911549827917516
4,29,n4-u029,rotated,-0.08341846375499802,0.30549122171666115,0.1386542942066651,0.5554912217166615,0.2500000000000004,0.46228001554579173,0.3236257213391266
4,30,n4-u030,native,-0.03503867326868368,0.07565712374992592,0.0055797772125585595,0.2500000000000005,0.17434287625007458,0.28551680935558316,0.27993703214302457
4,30,n4-u030,rotated,-0.05481247514763446,0.11862705638542081,0.009002106090151903,0.3686270563854214,0.2500000000000006,0.3382183702330492,0.32921626414289734
4,31,n4-u031,native,0.016632325005036357,-0.049435610162643806,-0.01617096015257109,0.25000000000000094,0.29943561016264475,0.32347459068487416,0.33964555083744513
4,31,n4-u031,rotated,0.02843680709284055,-0.1145974494685782,-0.057723835282897096,0.13540255053142214,0.25000000000000033,0.23414596078886135,0.29186979607175845
4,32,n4-u032,native,0.019784377609855,-0.012188589226091062,0.02738016599361894,0.25000000000000067,0.26218858922609173,0.2651215833616707,0.2377414173680518
4,32,n4-u032,rotated,-0.03786344208777873,0.11859716995958913,0.04287028578403167,0.36859716995959063,0.2500000000000015,0.3411068906660338,0.2982366048820021
4,33,n4-u033,native,0.00748434509978726,-0.04396433659380744,-0.02899564639423292,0.25000000000000056,0.293964336593808,0.2863340154756095,0.3153296618698424
4,33,n4-u033,rotated,-0.03758951634682526,0.0853702676464338,0.010191234952783275,0.3353702676464344,0.2500000000000006,0.3355952673772012,0.32540403242441795
4,34,n4-u034,native,0.024212144063821404,-0.02571234272928996,0.022711945398352845,0.25000000000000067,0.2757123427292906,0.29559013554034935,0.2728781901419965
4,34,n4-u034,rotated,-0.008959445987274712,0.012704793503084955,-0.005214098471464468,0.2627047935030854,0.25000000000000044,0.2984183950174527,0.3036324934889172
4,35,n4-u035,native,0.017362693969041592,-0.0926203020990436,-0.05789491416096041,0.2500000000000001,0.3426203020990437,0.2638690198755929,0.32176393403655335
4,35,n4-u035,rotated,-0.04569070686247577,0.09987079006434402,0.008489376339392472,0.34987079006434463,0.2500000000000006,0.3450493862548023,0.3365600099154097
4,36,n4-u036,native,0.027004091432252877,-0.022376464526763173,0.03163171833774258,0.2500000000000005,0.2723764645267637,0.31840327139273533,0.28677155305499274
4,36,n4-u036,rotated,-0.013002756169172645,0.08029052233421619,0.054285009995870895,0.33029052233421735,0.25000000000000117,0.3482116614323931,0.29392665143652225
4,37,n4-u037,native,0.04000444878001574,0.008075827909280325,0.0880847254693118,0.25000000000000117,0.24192417209072084,0.38489612612573865,0.2968114006564269
4,37,n4-u037,rotated,0.014012515216922962,0.05061544291135289,0.07864047334519882,0.3006154429113536,0.2500000000000007,0.405597949677668,0.3269574763324692
4,38,n4-u038,native,0.06366699879482354,-0.004043536445371865,0.12329046114427522,0.25000000000000056,0.2540435364453724,0.39029719580178457,0.2670067346575093
4,38,n4-u038,rotated,-0.018580233653248707,0.005868818956885513,-0.0312916483496119,0.25586881895688646,0.25000000000000094,0.28406905921636805,0.31536070756597995
4,39,n4-u039,native,-0.005755623286035456,-0.003221188136634301,-0.014732434708705213,0.2500000000000009,0.2532211881366352,0.3169909479575371,0.33172338266624224
4,39,n4-u039,rotated,-0.011508584696985555,-0.054388725284126305,-0.07740589467809741,0.19561127471587558,0.2500000000000019,0.23387850202333602,0.3112843967014335
4,40,n4-u040,native,-0.0060942606832055796,-0.053267830397547844,-0.065456351763959,0.25000000000000067,0.3032678303975485,0.2290081112597158,0.2944644630236748
4,40,n4-u040,rotated,-0.04605763951867703,0.10084236031296506,0.008727081275610997,0.350842360312966,0.25000000000000094,0.2971436070486546,0.2884165257730436
4,41,n4-u041,native,-0.011413341615880875,0.00747686274876444,-0.015349820482997309,0.25000000000000056,0.24252313725123611,0.2599296712440396,0.2752794917270369
4,41,n4-u041,rotated,-0.04118364018720095,0.10817076306536522,0.02580348269096332,0.3581707630653659,0.25000000000000067,0.3133111005137472,0.28750761782278383
4,42,n4-u042,native,0.036005087691274626,-0.05183582120838903,0.020174354174160216,0.25000000000000006,0.3018358212083891,0.3317658508235499,0.3115914966493897
4,42,n4-u042,rotated,-0.006182972341029365,-0.008187902318117418,-0.020553847000176147,0.24181209768188336,0.2500000000000008,0.24689638791519805,0.2674502349153742
4,43,n4-u043,native,0.0123243812244626,-0.016034825974894806,0.008613936474030392,0.25000000000000133,0.26603482597489614,0.3554747445299205,0.34686080805589
4,43,n4-u043,rotated,0.04459903240786178,0.012311011259828586,0.10150907607555215,0.2623110112598296,0.250000000000001,0.3984641116242566,0.2969550355487045
4,44,n4-u044,native,0.00522614313780531,-0.029032573338917456,-0.018580287063306836,0.2500000000000017,0.2790325733389192,0.2763334069827088,0.29491369404601564
4,44,n4-u044,rotated,-0.05253247571081516,0.02985932260651797,-0.07520562881511235,0.2798593226065194,0.25000000000000144,0.19781100415035904,0.2730166329654714
4,45,n4-u045,native,-0.00659149339596625,-0.045269112277947,-0.0584520990698795,0.25000000000000017,0.29526911227794717,0.27014757841937725,0.32859967748925667
4,45,n4-u045,rotated,-0.008703459540411951,-0.0187633243365318,-0.0361702434173557,0.23123667566346875,0.25000000000000056,0.24719567253999333,0.2833659159573491
4,46,n4-u046,native,-0.009393214247801238,0.025227636979675505,0.006441208484073027,0.2500000000000006,0.2247723630203251,0.2822266142215798,0.2757854057375068
4,46,n4-u046,rotated,-0.07622716434768431,0.13312692053112857,-0.019327408164240063,0.3831269205311289,0.25000000000000033,0.33782443665207784,0.35715184481631795
4,47,n4-u047,native,-0.031905877772804486,0.09523632889308056,0.03142457334747159,0.2500000000000018,0.1547636711069212,0.3041012094377371,0.27267663609026555
4,47,n4-u047,rotated,-0.016580553952822544,0.07252918295614602,0.03936807505050093,0.3225291829561473,0.2500000000000013,0.3094534506564328,0.2700853756059319
4,48,n4-u048,native,0.007138927152442506,-0.13693372884148386,-0.12265587453659885,0.2500000000000004,0.38693372884148425,0.35997875579167177,0.4826346303282707
4,48,n4-u048,rotated,-0.022202459161846363,-0.08089987982132577,-0.1253047981450185,0.16910012017867446,0.2500000000000002,0.17913121570421164,0.30443601384923014
4,49,n4-u049,native,0.054268051404331635,-0.07833416991618397,0.030201932892479296,0.25000000000000017,0.32833416991618414,0.3465081080573972,0.31630617516491794
4,49,n4-u049,rotated,-0.010670511990568017,0.06083156282771379,0.03949053884657776,0.31083156282771435,0.25000000000000056,0.38068320422828344,0.34119266538170573
4,50,n4-u050,native,0.016285086653914878,0.02712691188952543,0.059697085197355185,0.25000000000000266,0.22287308811047724,0.32829996200934725,0.2686028768119921
4,50,n4-u050,rotated,-0.045253247001140355,0.14835115660577203,0.05784466260349132,0.39835115660577414,0.2500000000000021,0.3651251282280599,0.3072804656245687
4,51,n4-u051,native,-0.02404906410230309,0.01866690881081612,-0.02943121939379006,0.2500000000000004,0.23133309118918427,0.310643436742885,0.34007465613667515
4,51,n4-u051,rotated,-0.03803304249687606,0.21841883973003462,0.1423527547362825,0.4684188397300352,0.25000000000000056,0.44963170655133416,0.3072789518150516
4,52,n4-u052,native,-0.0013707779053826197,0.03340662485669449,0.03066506904592925,0.25000000000000033,0.21659337514330584,0.3139946372715079,0.28332956822557864
4,52,n4-u052,rotated,-0.0009213917292042982,0.058609794798476667,0.05676701134006807,0.30860979479847694,0.2500000000000003,0.3754934790901687,0.31872646775010066
4,53,n4-u053,native,-0.034354516578648464,0.047900127523406305,-0.020808905633890616,0.2500000000000007,0.20209987247659442,0.3305698090531971,0.35137871468708776
4,53,n4-u053,rotated,0.028185526384131736,-0.11005176700191924,-0.053680714233655766,0.13994823299808165,0.2500000000000009,0.23849157548653474,0.29217228972019044
4,54,n4-u054,native,-0.044848579838642585,0.12064791217161544,0.030950752494330262,0.25000000000000067,0.12935208782838523,0.34194454498794535,0.31099379249361503
4,54,n4-u054,rotated,-0.0746454896446998,0.1914913022495628,0.04220032296016318,0.4414913022495652,0.2500000000000024,0.3545662386698299,0.3123659157096667
4,55,n4-u055,native,0.08676317307756126,-0.18202504582462525,-0.008498699669502719,0.25000000000000094,0.4320250458246262,0.3234143713114414,0.33191307098094414
4,55,n4-u055,rotated,-0.008596934710706633,0.05131434924437517,0.0341204798229619,0.3013143492443759,0.2500000000000007,0.3574699424172016,0.3233494625942398
4,56,n4-u056,native,0.027704423126197517,0.02241633345120153,0.07782517970359656,0.25000000000000056,0.22758366654879902,0.3857407208574677,0.3079155411538712
4,56,n4-u056,rotated,-0.041917387186567,0.16301282540105577,0.07917805102792178,0.413012825401056,0.2500000000000002,0.38115198062632105,0.30197392959839925
4,57,n4-u057,native,0.030097248935140146,-0.03555660335729571,0.02463789451298458,0.2500000000000008,0.2855566033572965,0.30313327565584114,0.27849538114285655
4,57,n4-u057,rotated,-0.031813751658801605,0.09426365631316341,0.030636152995560207,0.3442636563131643,0.2500000000000009,0.27487171544909744,0.24423556245353722
4,58,n4-u058,native,0.0016210818919244682,0.08739730025747566,0.0906394640413246,0.25000000000000155,0.1626026997425259,0.3677703560668526,0.2771308920255281
4,58,n4-u058,rotated,-0.02403096205912458,0.09175507140151506,0.043693147283265905,0.3417550714015161,0.25000000000000105,0.32687716135807043,0.2831840140748046
4,59,n4-u059,native,0.0525097954818621,-0.09589301072112227,0.00912658024260192,0.25000000000000133,0.3458930107211236,0.3549714362256644,0.34584485598306236
4,59,n4-u059,rotated,-0.04932561035389835,0.08534687063759472,-0.013304350070201983,0.3353468706375947,0.25,0.3170690471942655,0.3303733972644675
4,60,n4-u060,native,0.0020827780104087524,0.018250198965720332,0.022415754986537837,0.2500000000000026,0.23174980103428228,0.3683584271387063,0.3459426721521684
4,60,n4-u060,rotated,-0.07281868956555698,0.16950073934287174,0.023863360211757792,0.4195007393428719,0.25000000000000017,0.30772980799357263,0.28386644778181486
4,61,n4-u061,native,0.06465615119593168,-0.10649288219762326,0.02281942019424009,0.2500000000000006,0.3564928821976239,0.35856561507359447,0.3357461948793544
4,61,n4-u061,rotated,-0.00836101587137025,-0.043877251187993266,-0.060599282930733765,0.20612274881200868,0.25000000000000194,0.22905493311189004,0.28965421604262376
4,62,n4-u062,native,0.025511634972780833,-0.086650389149174,-0.035627119203612334,0.2500000000000008,0.3366503891491748,0.25437040569004815,0.28999752489366043
4,62,n4-u062,rotated,-0.08538611104541574,0.2078262500225715,0.03705402793174002,0.457826250022572,0.2500000000000005,0.36840793660607196,0.33135390867433195
4,63,n4-u063,native,0.08069839570233625,-0.169103117727675,-0.007706326323002489,0.25000000000000094,0.41910311772767594,0.3568901767308823,0.3645965030538847
4,63,n4-u063,rotated,0.006162838047007443,-0.05066663400099533,-0.038340957906980444,0.19933336599900522,0.25000000000000056,0.26366430807627794,0.3020052659832584
4,64,n4-u064,native,0.008832360136549068,0.012878465378393655,0.03054318565149179,0.25000000000000094,0.2371215346216073,0.2605972671603465,0.23005408150885467
4,64,n4-u064,rotated,-0.022894620366008492,0.08386396591100059,0.03807472517898361,0.3338639659110026,0.250000000000002,0.3713234644926565,0.33324873931367294
4,65,n4-u065,native,0.000823957883306782,-0.04974354284985394,-0.048095627083240375,0.25000000000000083,0.29974354284985477,0.26251803957261594,0.3106136666558563
4,65,n4-u065,rotated,-0.05296083032532464,0.06284061438952698,-0.04308104626112231,0.3128406143895272,0.2500000000000002,0.2991014622468964,0.3421825085080187
4,66,n4-u066,native,-0.037597914385614495,0.018501914381220036,-0.05669391439000895,0.25000000000000105,0.23149808561878102,0.2941026261345616,0.3507965405245706
4,66,n4-u066,rotated,-0.05779809450164322,0.12015087495052135,0.0045546859472349,0.3701508749505224,0.25000000000000105,0.34335115074660877,0.33879646479937375
4,67,n4-u067,native,-0.005622133127824211,0.08337056599626524,0.07212629974061682,0.25000000000000067,0.16662943400373542,0.36776365005173,0.29563735031111305
4,67,n4-u067,rotated,-0.02154523273582486,0.012977157153262031,-0.03011330831838769,0.26297715715326286,0.25000000000000083,0.302792751205192,0.3329060595235797
4,68,n4-u068,native,0.08020340832215246,-0.15200415927173433,0.008402657372570593,0.2500000000000001,0.40200415927173444,0.37214303006703814,0.36374037269446746
4,68,n4-u068,rotated,-0.05575628267190247,0.11949436105425415,0.007981795710449217,0.36949436105425476,0.2500000000000006,0.4205222330361398,0.4125404373256905
4,69,n4-u069,native,0.04748503180193556,-0.09715461012335991,-0.0021845465194887943,0.2500000000000001,0.34715461012336,0.32238586170938766,0.3245704082288765
4,69,n4-u069,rotated,-0.03321308613248815,0.04037168365415528,-0.026054488610821012,0.2903716836541559,0.2500000000000006,0.2384001881138991,0.26445467672472006
4,70,n4-u070,native,0.027099010300189984,-0.07043292430271014,-0.01623490370233017,0.25000000000000094,0.3204329243027111,0.2825509719517672,0.29878587565409737
4,70,n4-u070,rotated,-0.055331380695506714,0.10754281938063298,-0.0031199420103804453,0.357542819380634,0.250000000000001,0.2748130125303607,0.2779329545407412
4,71,n4-u071,native,0.0362368616282583,-0.04032796523527821,0.032145758021238396,0.25000000000000083,0.29032796523527904,0.2589448016475645,0.22679904362632605
4,71,n4-u071,rotated,-0.03961300720571544,0.007864925416247726,-0.07136108899518316,0.257864925416248,0.2500000000000003,0.2970959565148099,0.3684570455099931
4,72,n4-u072,native,0.03223333194006796,-0.0644341587705532,3.250510958272113e-05,0.2500000000000012,0.3144341587705544,0.32447343066417217,0.32444092555458953
4,72,n4-u072,rotated,0.007219134973259794,0.02958732136999942,0.04402559131651901,0.27958732137000164,0.2500000000000022,0.2839026452973212,0.23987705398080217
4,73,n4-u073,native,-0.03484240961843925,0.011495069695942883,-0.05818974954093561,0.2500000000000003,0.2385049303040574,0.27559347469304013,0.3337832242339758
4,73,n4-u073,rotated,-0.05112187987072524,0.14495556260692338,0.0427118028654729,0.39495556260692377,0.2500000000000004,0.40496634900116635,0.3622545461356934
4,74,n4-u074,native,0.04066725133298255,-0.0031431317531828706,0.07819137091278223,0.25000000000000233,0.2531431317531852,0.3267808432108106,0.2485894722980283
4,74,n4-u074,rotated,0.014040472867675775,0.0027277023256563337,0.030808648061007884,0.2527277023256571,0.2500000000000008,0.39370391805225,0.3628952699912422
4,75,n4-u075,native,0.028139996709640146,-0.025133939858613785,0.03114605356066651,0.25000000000000183,0.2751339398586156,0.30594951623635097,0.27480346267568445
4,75,n4-u075,rotated,-0.01610864164080745,0.06295215946015048,0.030734876178535583,0.31295215946015137,0.2500000000000009,0.3243970540732658,0.29366217789473015
4,76,n4-u076,native,0.008877368592752989,0.060055354857352944,0.07781009204285892,0.25000000000000044,0.1899446451426475,0.2835779098964745,0.2057678178536156
4,76,n4-u076,rotated,-0.07659867643948515,0.21380317485081918,0.06060582197184887,0.4638031748508202,0.250000000000001,0.3851026134583593,0.3244967914865105
4,77,n4-u077,native,-0.039944503835784254,-0.010259286520398092,-0.0901482941919666,0.2500000000000006,0.2602592865203987,0.3385045625236587,0.4286528567156252
4,77,n4-u077,rotated,0.007029594402968138,-0.06623921649407605,-0.05218002768813977,0.1837607835059239,0.24999999999999994,0.26675676945379423,0.31893679714193396
4,78,n4-u078,native,0.011696979175976514,-0.08807748912176633,-0.0646835307698133,0.25000000000000044,0.33807748912176677,0.22970498560367741,0.29438851637349067
4,78,n4-u078,rotated,-0.05569915500368681,0.03818742640042311,-0.07321088360695051,0.28818742640042333,0.2500000000000002,0.23704980775560908,0.3102606913625596
4,79,n4-u079,native,-0.02099110910801326,0.05244169443016308,0.010459476214136565,0.2500000000000005,0.19755830556983742,0.27120499266295645,0.2607455164488199
4,79,n4-u079,rotated,-0.013378100249547296,-0.05328065795790596,-0.08003685845700055,0.1967193420420947,0.25000000000000067,0.20340263266624992,0.28343949112325045
4,80,n4-u080,native,0.023989674260343014,0.023000590930751907,0.07097993945143793,0.25000000000000105,0.22699940906924915,0.4070406973365241,0.3360607578850863
4,80,n4-u080,rotated,-0.06986024884457658,0.12340096887296265,-0.016319528816190497,0.3734009688729632,0.25000000000000056,0.25396492599898945,0.27028445481517993
4,81,n4-u081,native,0.009901534243368697,0.05061823376693669,0.07042130225367409,0.25000000000000017,0.19938176623306347,0.3073717990569066,0.23695049680323246
4,81,n4-u081,rotated,-0.039767725461981124,0.1574934518996155,0.07795800097565325,0.40749345189961567,0.25000000000000017,0.35035270902166005,0.2723947080460068
4,82,n4-u082,native,0.018129204173828545,-0.06443457997897212,-0.028176171631315028,0.2500000000000005,0.3144345799789726,0.33329767326760584,0.3614738448989208
4,82,n4-u082,rotated,-0.09581492691847497,0.22944612663671554,0.0378162727997656,0.47944612663671604,0.2500000000000005,0.45796619278734957,0.420149919987584
4,83,n4-u083,native,0.04609622992225518,-0.017912504703340826,0.07427995514116953,0.25000000000000056,0.2679125047033414,0.3347688964799416,0.26048894133877215
4,83,n4-u083,rotated,-0.05537582845632999,0.09645970357318487,-0.014291953339475118,0.34645970357318484,0.24999999999999997,0.31284571304055286,0.32713766638002795
4,84,n4-u084,native,-0.024559435863113474,0.040659577774031674,-0.008459293952195272,0.25000000000000094,0.20934042222596927,0.29116090267146205,0.29962019662365735
4,84,n4-u084,rotated,-0.041560228109865205,0.136876625066774,0.05375616884704359,0.3868766250667758,0.2500000000000018,0.37310335473786777,0.31934718589082417
4,85,n4-u085,native,-0.04939831361546729,0.09602555492317916,-0.002771072307755422,0.2500000000000004,0.15397444507682123,0.27948259848755347,0.2822536707953089
4,85,n4-u085,rotated,-0.01308761138101907,-0.07572967157972768,-0.10190489434176582,0.17427032842027332,0.250000000000001,0.2377279020638903,0.3396327964056561
4,86,n4-u086,native,0.025251954091859662,-0.03787863866635166,0.012625269517367666,0.25000000000000117,0.2878786386663528,0.2923849871194023,0.27975971760203466
4,86,n4-u086,rotated,-0.02775108169322581,0.055226565855816756,-0.00027559753063486627,0.30522656585581803,0.2500000000000013,0.3064045975582703,0.30668019508890526
4,87,n4-u087,native,0.013903396958005514,-0.049491411954289355,-0.021684618038278328,0.2500000000000006,0.29949141195428997,0.29135454946857786,0.31303916750685623
4,87,n4-u087,rotated,-0.018491765627775884,0.008443370035740527,-0.02854016121981124,0.2584433700357412,0.25000000000000067,0.2732033003924601,0.30174346161227134
4,88,n4-u088,native,0.02621653222767,0.03776353725041956,0.09019660170575956,0.25000000000000044,0.21223646274958088,0.3749906267048532,0.2847940249990937
4,88,n4-u088,rotated,-0.02101434248531275,0.08902329046413016,0.046994605493504656,0.3390232904641309,0.2500000000000007,0.3446475493333876,0.29765294383988294
4,89,n4-u089,native,-0.00346648066150318,0.01092644365527251,0.003993482332266151,0.25000000000000083,0.23907355634472832,0.30133081709066295,0.2973373347583968
4,89,n4-u089,rotated,-0.06418771040915582,0.09414055019164325,-0.034234870626668384,0.34414055019164397,0.2500000000000007,0.29182776444210806,0.3260626350687765
4,90,n4-u090,native,0.05662252889425493,-0.05184343400887237,0.061401623779637496,0.25000000000000006,0.3018434340088724,0.3785397113249148,0.31713808754527734
4,90,n4-u090,rotated,0.03235108649256285,-0.10933696241752427,-0.04463478943239857,0.14066303758247772,0.250000000000002,0.21922200980843537,0.2638567992408339
4,91,n4-u091,native,0.07247616502247055,-0.10942083504263966,0.03553149500230144,0.2500000000000003,0.35942083504263994,0.37980243745224357,0.34427094244994216
4,91,n4-u091,rotated,-0.026404300258946897,0.11625131150093188,0.06344271098303808,0.36625131150093204,0.25000000000000017,0.3260977242083626,0.26265501322532453
4,92,n4-u092,native,0.026820945230519228,-0.11342009666838693,-0.05977820620734847,0.2500000000000006,0.36342009666838754,0.40972139652181694,0.46949960272916536
4,92,n4-u092,rotated,0.04224265205326477,-0.03402346185981883,0.050461842246710714,0.21597653814018167,0.2500000000000005,0.3325271501376575,0.28206530789094675
4,93,n4-u093,native,0.08742768270627159,-0.13589448836802387,0.0389608770445193,0.2500000000000009,0.38589448836802476,0.37452092957085115,0.33556005252633186
4,93,n4-u093,rotated,-0.13812717337594937,0.3334228395855426,0.05716849283364381,0.5834228395855439,0.2500000000000013,0.35687684629414496,0.2997083534605013
4,94,n4-u094,native,-0.03932851700685183,0.07622536594783985,-0.002431668065863818,0.2500000000000012,0.17377463405216137,0.3352029875083751,0.33763465557423894
4,94,n4-u094,rotated,0.004886368291399642,-0.0199331421481192,-0.010160405565319915,0.23006685785188236,0.25000000000000155,0.31855720686087396,0.3287176124261939
4,95,n4-u095,native,0.03443997828794245,-0.08085039800521848,-0.011970441429333581,0.2500000000000034,0.33085039800522187,0.3781242695795502,0.3900947110088838
4,95,n4-u095,rotated,-0.02647304318083664,0.2439199610052113,0.19097387464353802,0.49391996100521157,0.2500000000000003,0.4949214504244632,0.3039475757809253
6,0,n6-u000,native,0.020992837206896105,-0.021031259124407398,0.020954415289384812,0.16666666666666966,0.18769792579107705,0.17780428300259277,0.15684986771320794
6,0,n6-u000,rotated,-0.008190727467034725,0.023063404157335293,0.006681949223265843,0.18973007082400417,0.16666666666666888,0.19458322905245382,0.18790127982918797
6,1,n6-u001,native,-0.01954696025310598,0.003702725786577016,-0.03539119471963494,0.166666666666669,0.16296394088009197,0.14711267014609558,0.1825038648657305
6,1,n6-u001,rotated,-0.04709195575722096,0.13413990287959673,0.039955991365154826,0.3008065695462652,0.1666666666666685,0.24296230745101002,0.20300631608585518
6,2,n6-u002,native,-0.007299862190390399,-0.016701562589344993,-0.03130128697012579,0.1666666666666675,0.18336822925601248,0.18376956264346359,0.21507084961358938
6,2,n6-u002,rotated,0.009745713744371495,0.02533829417355027,0.04482972166229326,0.19200496084021793,0.16666666666666766,0.19186296244582163,0.14703324078352836
6,3,n6-u003,native,0.021507614542418927,0.009359230908474181,0.052374459993312035,0.16666666666666827,0.1573074357581941,0.17828048824465967,0.12590602825134764
6,3,n6-u003,rotated,-0.046879495934414456,0.09862850112515517,0.0048695092563262625,0.2652951677918271,0.16666666666667193,0.19901381263331294,0.19414430337698665
6,4,n6-u004,native,0.029337978203804738,-0.04830067706889821,0.01037527933871127,0.16666666666667262,0.21496734373557083,0.187679354386723,0.17730407504801174
6,4,n6-u004,rotated,0.04471415712730211,-0.07941607528957835,0.01001223896502587,0.08725059137709283,0.16666666666667118,0.1503460805444821,0.14033384157945628
6,5,n6-u005,native,-0.018800524037295555,0.038691977213194145,0.0010909291386030394,0.16666666666666916,0.127974689453475,0.20579708821583423,0.20470615907723122
6,5,n6-u005,rotated,0.010991425137378915,-0.015503422997919847,0.006479427276837983,0.15116324366874848,0.16666666666666832,0.17732495219247088,0.17084552491563287
6,6,n6-u006,native,0.010238375203303507,0.0225522774477247,0.043029027854331714,0.16666666666666888,0.14411438921894418,0.21474902735906384,0.1717199995047321
6,6,n6-u006,rotated,-0.01582825212558852,0.04191228001929573,0.010255775768118688,0.2085789466859657,0.16666666666666996,0.19052535720101438,0.1802695814328957
6,7,n6-u007,native,-0.024605884903976784,0.0658135973395129,0.016601827531559338,0.16666666666666882,0.10085306932715592,0.17264280371733576,0.15604097618577645
6,7,n6-u007,rotated,-0.021620782675647862,0.06842769230004217,0.025186126948746442,0.2350943589667089,0.16666666666666674,0.2243868888296496,0.19920076188090316
6,8,n6-u008,native,0.013285331632790238,0.02223661119197981,0.048807274457560286,0.16666666666666785,0.14443005547468804,0.2671118473432968,0.21830457288573651
6,8,n6-u008,rotated,-0.04372596214908527,0.09261788280600841,0.005165958507837871,0.25928454947267815,0.16666666666666974,0.1959251122399227,0.19075915373208488
6,9,n6-u009,native,0.04138851206258825,-0.06680437765513075,0.01597264647004575,0.16666666666666943,0.2334710443218002,0.23842958495219108,0.22245693848214532
6,9,n6-u009,rotated,-0.02727428103121915,0.08756900297499026,0.03302044091255196,0.25423566964165834,0.16666666666666807,0.26422890012843653,0.23120845921588462
6,10,n6-u010,native,0.0005163611771573304,0.022736325169708804,0.023769047524023465,0.1666666666666743,0.14393034149696549,0.15958502569503072,0.13581597817100724
6,10,n6-u010,rotated,-0.023152950224660247,0.04642222813802732,0.00011632768870682375,0.21308889480469748,0.16666666666667015,0.1806311085024107,0.1805147808137039
6,11,n6-u011,native,0.016188533605400037,-0.022909847976559206,0.009467219234240869,0.1666666666666696,0.1895765146432288,0.16287099824224233,0.1534037790080014
6,11,n6-u011,rotated,-0.019701066232862486,0.04096414201703408,0.0015620095513091048,0.20763080868370418,0.1666666666666701,0.20417059844112398,0.2026085888898149
6,12,n6-u012,native,0.01668273745028298,-0.0318467840923127,0.0015186908082532563,0.16666666666666852,0.19851345075898122,0.19671260335680418,0.19519391254855098
6,12,n6-u012,rotated,-0.008621702401160523,0.017440152997092312,0.0001967481947712668,0.1841068196637612,0.16666666666666888,0.1622839664018057,0.16208721820703442
6,13,n6-u013,native,0.0019714063859326766,0.007189051612605274,0.011131864384470627,0.1666666666666694,0.15947761505406413,0.13953173765342589,0.12839987326895527
6,13,n6-u013,rotated,-0.04529884918452831,0.1250454834955183,0.03444778512646168,0.2917121501621885,0.16666666666667018,0.22397517079588322,0.1895273856694215
6,14,n6-u014,native,-0.016150695295676247,0.04753486896488389,0.015233478373531395,0.16666666666666852,0.11913179770178463,0.15059869012578322,0.13536521175225183
6,14,n6-u014,rotated,0.012784272800012663,-0.015928042871797027,0.0096405027282283,0.1507386237948717,0.16666666666666874,0.15661945292328922,0.14697895019506094
6,15,n6-u015,native,-0.014807101524291834,0.046399318403745185,0.016785115355161518,0.16666666666666838,0.1202673482629232,0.15677430622143074,0.1399891908662692
6,15,n6-u015,rotated,0.036572010122854,-0.11539963943909526,-0.04225561919338726,0.05126702722757471,0.16666666666666996,0.11843067008507488,0.16068628927846212
6,16,n6-u016,native,-0.008872126749547017,0.04548213640415262,0.027737882905058586,0.16666666666666785,0.12118453026251523,0.19032397627727446,0.16258609337221583
6,16,n6-u016,rotated,-0.006091598194519425,0.04308434252064097,0.030901146131602122,0.20975100918731224,0.16666666666667126,0.20779803106927155,0.17689688493766942
6,17,n6-u017,native,-0.00845057618448857,0.008182369093643171,-0.008718783275333968,0.16666666666666763,0.15848429757302446,0.15262342036637142,0.16134220364170537
6,17,n6-u017,rotated,0.01941678152841283,-0.019268468573024056,0.019565094483801598,0.1473981980936458,0.16666666666666985,0.17442577359280798,0.15486067910900636
6,18,n6-u018,native,-0.0011070383854933363,0.018532323798179012,0.01631824702719234,0.16666666666666852,0.1481343428684895,0.18007196940171322,0.16375372237452093
6,18,n6-u018,rotated,-0.052793655407378584,0.1064373427085546,0.0008500318937974252,0.27310400937522245,0.16666666666666785,0.20864064028819007,0.20779060839439267
6,19,n6-u019,native,0.038530879189468854,-0.06658623423532489,0.01047552414361281,0.16666666666666977,0.23325290090199466,0.20033460520264013,0.1898590810590273
6,19,n6-u019,rotated,-0.004667604714235751,-0.001380399062490878,-0.01071560849096238,0.1652862676041806,0.1666666666666715,0.1514349718732027,0.16215058036416508
6,20,n6-u020,native,0.016463449824739167,-0.019559394294100862,0.013367505355377472,0.16666666666666938,0.18622606096077024,0.20438304389818868,0.19101553854281117
6,20,n6-u020,rotated,-0.013316676363377378,0.018269880720377524,-0.008363472006377232,0.1849365473870457,0.16666666666666818,0.1896285578944491,0.19799202990082634
6,21,n6-u021,native,0.022077578299443328,0.0005685605456159926,0.04472371714450265,0.16666666666666877,0.16609810612105277,0.22657012446384373,0.181846407319341
6,21,n6-u021,rotated,-0.028406465824933152,0.08457653033312601,0.027763598683259706,0.2512431969997935,0.16666666666666752,0.2283952861008588,0.2006316874175991
6,22,n6-u022,native,0.02121286496414783,-0.028732314150672594,0.013693415777623064,0.16666666666666896,0.19539898081734156,0.18219743947265044,0.16850402369502732
6,22,n6-u022,rotated,-0.041362755838389484,0.07305174808282647,-0.009673763593952495,0.23971841474949607,0.1666666666666696,0.17936217972214386,0.18903594331609636
6,23,n6-u023,native,0.06552244577030736,-0.05574653723868153,0.07529835430193318,0.16666666666666927,0.2224132039053508,0.2531664912042457,0.17786813690231257
6,23,n6-u023,rotated,-0.0007208128849069961,0.025911318422740526,0.024469692652926534,0.19257798508941049,0.16666666666666996,0.20375990158953944,0.17929020893661288
6,24,n6-u024,native,0.023285739818570746,-0.07173238411637811,-0.02516090447923662,0.16666666666667043,0.23839905078304854,0.21316655383909391,0.23832745831833052
6,24,n6-u024,rotated,-0.03043387459740446,0.05249704772969416,-0.008370701465114762,0.21916371439636764,0.16666666666667349,0.19961705781516317,0.20798775928027793
6,25,n6-u025,native,0.016770697077953933,0.006583569341301082,0.04012496349720895,0.16666666666666954,0.16008309732536846,0.2271959588636218,0.18707099536641286
6,25,n6-u025,rotated,-0.017534761163972894,0.06358907881417147,0.028519556486225686,0.23025574548083963,0.16666666666666816,0.2083164540814028,0.17979689759517714
6,26,n6-u026,native,-0.028059966924771175,0.058368800141706645,0.0022488662921642923,0.1666666666666673,0.10829786652496065,0.18743987204401014,0.18519100575184588
6,26,n6-u026,rotated,-0.03621452974663972,0.06790868015663032,-0.004520379336649117,0.2345753468232981,0.16666666666666777,0.1680879156034392,0.1726082949400883
6,27,n6-u027,native,0.04200536606046324,-0.07663209376975769,0.007378638351168796,0.16666666666666785,0.24329876043642554,0.2069424740327418,0.199563835681573
6,27,n6-u027,rotated,-0.01794123848268167,0.065944221983614,0.030061745018250652,0.23261088865028282,0.16666666666666882,0.24253253572287156,0.21247079070462094
6,28,n6-u028,native,0.004851583090030871,0.008085110077772212,0.017788276257833954,0.16666666666667615,0.15858155658890394,0.21105719421386288,0.1932689179560289
6,28,n6-u028,rotated,-0.04203010270754578,0.09577405544061537,0.011713850025523817,0.2624407221072889,0.16666666666667354,0.23167050911685336,0.21995665909132953
6,29,n6-u029,native,0.016914698836548326,-0.021474322423025993,0.012355075250070659,0.16666666666667015,0.18814098908969615,0.19053644697271133,0.17818137172264062
6,29,n6-u029,rotated,0.0024341961684388146,-0.008493489644808977,-0.0036250973079313474,0.1581731770218601,0.16666666666666907,0.16812628068782678,0.17175137799575815
6,30,n6-u030,native,0.0059020618130414815,0.03682833829176968,0.04863246191785264,0.16666666666666954,0.12983832837489986,0.27917161427063614,0.23053915235278347
6,30,n6-u030,rotated,-0.026200027686501762,0.10674645298803595,0.054346397615032425,0.2734131196547049,0.16666666666666893,0.2482991991455522,0.19395280153051972
6,31,n6-u031,native,0.05253783435106434,-0.010859242333884633,0.09421642636824405,0.1666666666666726,0.17752590900055723,0.330373335775623,0.23615690940737896
6,31,n6-u031,rotated,-0.023610492591705164,0.05220495504397213,0.0049839698605618,0.21887162171064067,0.16666666666666854,0.13833060010060946,0.13334663024004767
6,32,n6-u032,native,-0.034343466592800756,0.0760835954140415,0.007396662228439994,0.16666666666667077,0.09058307125262927,0.24548326359309033,0.2380866013646504
6,32,n6-u032,rotated,-0.01411903893268162,0.0557469922572095,0.02750891439184626,0.22241365892387924,0.16666666666666974,0.19342785791370695,0.16591894352186068
6,33,n6-u033,native,0.005558700045484993,0.0026604221471329403,0.013777822238102927,0.16666666666666904,0.1640062445195361,0.2466277185201892,0.2328498962820863
6,33,n6-u033,rotated,-0.07572330408315273,0.20483185020898864,0.05338524204268319,0.3714985168756566,0.16666666666666796,0.22895939882275967,0.17557415678007648
6,34,n6-u034,native,0.06391530215628717,-0.014746867828841714,0.11308373648373263,0.1666666666666716,0.1814135344955133,0.2690872243515522,0.15600348786781956
6,34,n6-u034,rotated,-0.005567236600083016,-0.009763036452714924,-0.020897509652880956,0.1569036302139554,0.16666666666667032,0.1586367424474536,0.17953425210033458
6,35,n6-u035,native,0.030460423628453488,-0.01485538530309169,0.046065461953815286,0.1666666666666664,0.1815220519697581,0.21839913607946632,0.17233367412565104
6,35,n6-u035,rotated,-0.042478896036141744,0.13366075245308753,0.048702960380804045,0.30032741911975674,0.1666666666666692,0.23164723991038247,0.18294427952957842
6,36,n6-u036,native,-0.019261310468286698,0.05539254030278083,0.01686991936620744,0.1666666666666684,0.11127412636388757,0.19361159270095507,0.1767416733347476
6,36,n6-u036,rotated,0.01261373224299185,-0.007539548758153575,0.017687915727830125,0.15912711790851675,0.16666666666667032,0.15808994856554104,0.1404020328377109
6,37,n6-u037,native,-0.010925348060501666,0.024360353286619563,0.0025096571656162297,0.16666666666667115,0.1423063133800516,0.21500727143074286,0.21249761426512662
6,37,n6-u037,rotated,-0.014628010278476244,0.029891561612584522,0.000635541055632034,0.19655822827926206,0.16666666666667754,0.219565537207595,0.21892999615196293
6,38,n6-u038,native,-0.004290809768127531,0.006679556859021163,-0.0019020626772338982,0.1666666666666671,0.15998710980764594,0.18927292575727173,0.19117498843450564
6,38,n6-u038,rotated,-0.007439407383691565,0.025127754965706517,0.010248940198323387,0.19179442163237503,0.16666666666666852,0.25981499858293555,0.2495660583846122
6,39,n6-u039,native,0.002239892006318615,-0.006319135472312221,-0.0018393514596749905,0.16666666666666977,0.172985802138982,0.21114735830253673,0.21298670976221168
6,39,n6-u039,rotated,-0.03170249162589311,0.11179610196741299,0.04839111871562678,0.278462768634084,0.166666666666671,0.22070609110658293,0.17231497239095614
6,40,n6-u040,native,0.03641783369144051,-0.026984299475288992,0.045851367907592026,0.16666666666666763,0.19365096614195662,0.24924497004339533,0.20339360213580332
6,40,n6-u040,rotated,0.0131366431264851,-0.01638061898588139,0.00989266726708881,0.15028604768078827,0.16666666666666966,0.17924280095126766,0.1693501336841788
6,41,n6-u041,native,0.017815800971937475,-0.04610369195870695,-0.010472090014832,0.16666666666666838,0.21277035862537533,0.21113666786677324,0.22160875788160528
6,41,n6-u041,rotated,0.013968630288599576,-0.03242954038639362,-0.004492279809194468,0.13423712628027423,0.16666666666666785,0.16436076906359257,0.16885304887278704
6,42,n6-u042,native,-0.003861100085617253,0.019535737699818867,0.011813537528584361,0.1666666666666692,0.14713092896685034,0.14619676651810698,0.13438322898952262
6,42,n6-u042,rotated,-0.06090565728287115,0.13879240029668474,0.01698108573094244,0.3054590669633561,0.16666666666667138,0.2551434380721769,0.23816235234123442
6,43,n6-u043,native,0.02218318791623762,0.0007906577791264024,0.045157033611601644,0.16666666666666916,0.16587600888754275,0.22618079770569222,0.18102376409409054
6,43,n6-u043,rotated,-0.0267433490565655,0.09671294805079408,0.04322624993766309,0.26337961471747845,0.16666666666668437,0.24165041607269155,0.19842416613502856
6,44,n6-u044,native,0.03055850944713496,-0.07308694342243996,-0.011969924528170039,0.16666666666666982,0.23975361008910978,0.21605620804838094,0.228026132576551
6,44,n6-u044,rotated,-0.04905101134200521,0.08989135126868317,-0.00821067141532725,0.2565580179353521,0.16666666666666893,0.19042779887301428,0.19863847028834147
6,45,n6-u045,native,0.016782545823179233,-0.044098924275317974,-0.010533832628959511,0.16666666666666838,0.21076559094198635,0.19138178149824445,0.20191561412720396
6,45,n6-u045,rotated,0.019057369462545177,-0.035750860986552085,0.0023638779385382713,0.13091580568011676,0.16666666666666885,0.16665602573507368,0.16429214779653542
6,46,n6-u046,native,0.01378624987125689,0.012582629696996833,0.04015512943951061,0.1666666666666713,0.15408403696967446,0.21703530500751686,0.17688017556800623
6,46,n6-u046,rotated,-0.0422905268655133,0.15633028588959788,0.07174923215857128,0.32299695255626887,0.166666666666671,0.2623266761573766,0.19057744399880533
6,47,n6-u047,native,0.016827233319914675,0.03892071487637516,0.07257518151620451,0.16666666666666827,0.1277459517902931,0.2540103446380695,0.181435163121865
6,47,n6-u047,rotated,-0.01350340048499692,0.0373757938117755,0.010368992841781657,0.2040424604784441,0.1666666666666686,0.22500904780950529,0.21464005496772354
6,48,n6-u048,native,-0.015538909242313794,0.0511086056290717,0.02003078714444411,0.1666666666666685,0.11555806103759679,0.19747117285890745,0.17744038571446333
6,48,n6-u048,rotated,-0.04132167637568039,0.13939444425080919,0.0567510914994484,0.3060611109174876,0.16666666666667843,0.30444686465134807,0.24769577315189964
6,49,n6-u049,native,-0.028730107780739034,0.08618528019897367,0.02872506463749561,0.16666666666666763,0.08048138646769395,0.1891776737982626,0.16045260916076703
6,49,n6-u049,rotated,0.003496824129531592,0.0023733411968106244,0.009366989455873808,0.16904000786347995,0.16666666666666932,0.1844474289407932,0.1750804394849194
6,50,n6-u050,native,0.03191308536762799,-0.10120386618227145,-0.03737769544701547,0.1666666666666723,0.26787053284894374,0.11981811709746254,0.15719581254447798
6,50,n6-u050,rotated,-0.004265416133244529,0.034854316076694175,0.026323483810205116,0.20152098274336405,0.16666666666666988,0.21757267296796987,0.19124918915776473
6,51,n6-u051,native,-0.009321179263167527,0.04900830392759391,0.030365945401258854,0.1666666666666684,0.1176583627390745,0.21302854826572845,0.18266260286446961
6,51,n6-u051,rotated,0.02204668696444669,-0.03984470823971123,0.004248665689182145,0.12682195842695954,0.16666666666667077,0.1558707728148091,0.151622107125627
6,52,n6-u052,native,0.006009921520281802,0.01768607426517721,0.029705917305740813,0.1666666666666702,0.148980592401493,0.22485434732624576,0.19514843002050491
6,52,n6-u052,rotated,0.023152390915855116,-0.06454042745622014,-0.018235645624509907,0.10212623921045318,0.16666666666667332,0.1525458317137498,0.1707814773382597
6,53,n6-u053,native,0.04029222307639344,-0.0799748114703085,0.000609634682478385,0.16666666666666904,0.24664147813697754,0.21812931976369437,0.217519685081216
6,53,n6-u053,rotated,-0.013266771928056524,0.061191674821913455,0.03465813096580041,0.22785834148858053,0.16666666666666707,0.21986359479427775,0.1852054638284774
6,54,n6-u054,native,0.024838943526802243,0.046807916518216655,0.09648580357182114,0.16666666666667485,0.11985875014845819,0.2618067978702743,0.16532099429845315
6,54,n6-u054,rotated,-0.0608496315983093,0.06624384999899566,-0.05545541319762294,0.23291051666567086,0.1666666666666752,0.23467214230444663,0.2901275555020696
6,55,n6-u055,native,0.012566022693781872,-0.007285418634582513,0.01784662675298123,0.16666666666666763,0.17395208530125014,0.17670217631638355,0.15885554956340234
6,55,n6-u055,rotated,0.004875254582321735,0.019398734325365208,0.029149243490008678,0.18606540099203372,0.16666666666666852,0.24265915111992395,0.21350990762991526
6,56,n6-u056,native,0.029064109716136183,0.0033583509110205745,0.06148657034329294,0.166666666666671,0.1633083157556504,0.2321995377225078,0.1707129673792149
6,56,n6-u056,rotated,-0.039603556790757916,0.09539568619499544,0.01618857261347961,0.26206235286166585,0.1666666666666704,0.20740479966217124,0.19121622704869165
6,57,n6-u057,native,0.005906625030013709,0.012240041305704968,0.024053291365732386,0.16666666666666852,0.15442662536096355,0.23083692024566038,0.20678362887992802
6,57,n6-u057,rotated,0.028890796846555492,-0.02371677417649304,0.034064819516617946,0.14294989249017848,0.16666666666667151,0.19298716479980463,0.1589223452831867
6,58,n6-u058,native,-0.0032295131372717407,0.023944606588348016,0.017485580313804535,0.1666666666666757,0.1427220600783277,0.210991289586365,0.19350570927256047
6,58,n6-u058,rotated,-0.0025790607885955224,-0.0037817789596155393,-0.008939900536806584,0.16288488770705653,0.16666666666667207,0.195208829142022,0.20414872967882858
6,59,n6-u059,native,0.048372519701681486,-0.07929709247870331,0.01744794692465966,0.16666666666667215,0.24596375914537547,0.23892554187129053,0.22147759494663088
6,59,n6-u059,rotated,-0.006782445553296348,0.023656439269089502,0.010091548162496806,0.1903231059357606,0.1666666666666711,0.22137760420276487,0.21128605604026807
6,60,n6-u060,native,0.024936233777960986,-0.016656094929168946,0.033216372626753025,0.1666666666666682,0.18332276159583716,0.21600054714648154,0.1827841745197285
6,60,n6-u060,rotated,0.017361739429824427,-0.03751658553234399,-0.0027931066726951358,0.12915008113432477,0.16666666666666877,0.1723764631891131,0.17516956986180815
6,61,n6-u061,native,0.025446601858813908,-0.028996335324925043,0.021896868392702776,0.166666666666669,0.19566300199159403,0.23908480019457584,0.21718793180187304
6,61,n6-u061,rotated,-0.0331017208843786,0.07557213097514542,0.009368689206388229,0.24223879764181436,0.16666666666666893,0.2337873167626263,0.224418627556238
6,62,n6-u062,native,-0.0360786121959685,0.11274046951030128,0.040583245118364274,0.16666666666666763,0.05392619715636635,0.1873593697893366,0.14677612467097229
6,62,n6-u062,rotated,-0.04156704393402674,0.08153866312932781,-0.001595424738725681,0.2482053297959962,0.16666666666666838,0.17217236133773955,0.17376778607646526
6,63,n6-u063,native,0.014170330834996513,-0.03553774364714704,-0.007197081977154014,0.16666666666666893,0.20220441031381597,0.1601207605924036,0.16731784256955767
6,63,n6-u063,rotated,-0.03529087869001892,0.09031222618134421,0.019730468801306373,0.25697889284801295,0.16666666666666874,0.172949316909709,0.15321884810840258
6,64,n6-u064,native,-0.015665034878999277,0.046180334875572465,0.014850265117573907,0.16666666666667182,0.12048633179109935,0.19421063248783124,0.17936036737025726
6,64,n6-u064,rotated,-0.07371778572927125,0.1625622245648528,0.015126653106310306,0.329228891231522,0.16666666666666918,0.21438909380041857,0.19926244069410828
6,65,n6-u065,native,0.014154799488517273,-0.03629747853850768,-0.007987879561473132,0.16666666666666838,0.20296414520517606,0.19639866342278253,0.20438654298425563
6,65,n6-u065,rotated,-0.00667113928628311,0.017792770725502338,0.004450492152936119,0.18445943739217116,0.16666666666666882,0.19129083414166545,0.18684034198872934
6,66,n6-u066,native,0.01331184976946011,-0.016649783720935507,0.009973915817984715,0.16666666666666888,0.18331645038760438,0.20177295384594618,0.19179903802796155
6,66,n6-u066,rotated,-0.03460115774323888,0.07744797142453885,0.00824565593806109,0.24411463809120737,0.16666666666666852,0.19648171604689899,0.18823606010883792
6,67,n6-u067,native,0.027546347944536108,-0.02359156344324287,0.03150113244582935,0.166666666666672,0.19025823010991486,0.18644075575810856,0.1549396233122792
6,67,n6-u067,rotated,-0.05406343206593425,0.13893814308088062,0.030811278949012123,0.30560480974755294,0.16666666666667232,0.25873910544091694,0.22792782649190485
6,68,n6-u068,native,0.031761881439552844,-0.007829348048238205,0.05569441483086748,0.1666666666666687,0.17449601471490692,0.22306481040566264,0.16737039557479513
6,68,n6-u068,rotated,-0.028739427452268332,0.05950471168475213,0.0020258567802154664,0.2261713783514203,0.16666666666666816,0.18719416338861905,0.18516830660840355
6,69,n6-u069,native,0.041497862928334316,-0.10256217920900859,-0.01956645335233996,0.16666666666666977,0.26922884587567836,0.16858161020898343,0.1881480635613234
6,69,n6-u069,rotated,-0.07393612650001236,0.10452201695956667,-0.04335023604045803,0.27118868362623566,0.166666666666669,0.16518758275772083,0.20853781879817887
6,70,n6-u070,native,0.022446493368490833,-0.07886914169724418,-0.03397615496026252,0.16666666666666827,0.24553580836391245,0.1791131665987746,0.2130893215590371
6,70,n6-u070,rotated,-0.04042058877848427,0.08621561348666265,0.005374435929694115,0.25288228015333114,0.1666666666666685,0.20269768083697148,0.19732324490727735
6,71,n6-u071,native,0.031146584993302993,0.002844792688191683,0.06513796267479767,0.16666666666666827,0.16382187397847658,0.1973698438835247,0.132231881208727
6,71,n6-u071,rotated,0.002597410316313487,0.03361999279280606,0.03881481342543303,0.2002866594594752,0.16666666666666916,0.2148531418576899,0.1760383284322568
6,72,n6-u072,native,0.013171148504747942,0.008262703310598196,0.03460500032009408,0.16666666666666943,0.15840396335607124,0.20792330489965777,0.17331830457956368
6,72,n6-u072,rotated,-0.0234485339589099,0.051207713255578324,0.004310645337758526,0.2178743799222466,0.16666666666666827,0.22144247526704958,0.21713182992929106
6,73,n6-u073,native,0.02309643876679131,-0.022681228986097368,0.023511648547485255,0.16666666666666893,0.1893478956527663,0.15671850289781802,0.1332068543503328
6,73,n6-u073,rotated,-0.005495045856437191,0.030471817529705764,0.019481725816831382,0.19713848419637514,0.16666666666666938,0.2137760455430043,0.19429431972617292
6,74,n6-u074,native,0.038667418864516696,-0.007426637544550974,0.06990820018448242,0.16666666666666793,0.1740933042112189,0.2796908489961102,0.20978264881162786
6,74,n6-u074,rotated,-0.031256165480181994,0.07147998739853711,0.008967656438173122,0.2381466540652065,0.16666666666666938,0.16936661966813923,0.1603989632299661
6,75,n6-u075,native,-0.007873478004096806,-0.014353167850871124,-0.030100123859064735,0.16666666666666832,0.18101983451753945,0.19565994770612796,0.2257600715651927
6,75,n6-u075,rotated,-0.02160916191715027,0.046303616985854085,0.0030852931515535417,0.21297028365252535,0.16666666666667126,0.1683620703415367,0.16527677718998318
6,76,n6-u076,native,-0.009745422260083831,0.039387077830947165,0.019896233310779502,0.16666666666666854,0.12727958883572138,0.20957719958484508,0.18968096627406555
6,76,n6-u076,rotated,0.04655717966950707,-0.0950386893573922,-0.0019243300183780453,0.07162797730927763,0.16666666666666982,0.15767595153059685,0.15960028154897488
6,77,n6-u077,native,-0.02468579656535063,0.04067128919219176,-0.008700303938509497,0.16666666666666916,0.1259953774744774,0.22320472836770824,0.23190503230621776
6,77,n6-u077,rotated,-0.02544859680925217,0.03072774579163176,-0.020169447826872577,0.19739441245829994,0.16666666666666818,0.20737648633083844,0.22754593415771102
6,78,n6-u078,native,0.01090628168327819,-0.020317021561011644,0.001495541805544735,0.16666666666666852,0.18698368822768016,0.18915475131142917,0.1876592095058845
6,78,n6-u078,rotated,0.004689085889971214,0.004120821545461728,0.013498993325404156,0.17078748821213038,0.16666666666666866,0.16099947128795444,0.14750047796255028
6,79,n6-u079,native,0.022599859540259958,-0.000963708242621486,0.04423601083789843,0.16666666666667093,0.16763037490929242,0.251246904227685,0.20701089338978654
6,79,n6-u079,rotated,0.005306130650188501,0.009201697247243928,0.01981395854762093,0.17586836391391658,0.16666666666667265,0.20891413370051243,0.18910017515289151
6,80,n6-u080,native,0.028157910779715,-0.04178140935128635,0.014534412208143643,0.16666666666667007,0.20844807601795642,0.17671447144778887,0.16218005923964526
6,80,n6-u080,rotated,-0.003686571030912085,0.02298965311040324,0.015616511048579071,0.18965631977707528,0.16666666666667204,0.19774333965744412,0.18212682860886506
6,81,n6-u081,native,0.023018665273841173,-0.00829146985985807,0.037745860687824276,0.16666666666666888,0.17495813652652695,0.17688475888847055,0.13913889820064632
6,81,n6-u081,rotated,0.05005782688305095,-0.07513306743545713,0.024982586330644777,0.09153359923121175,0.16666666666666888,0.18846094373692204,0.1634783574062773
6,82,n6-u082,native,0.013143208539329654,-0.016790569328362176,0.009495847750297133,0.16666666666667962,0.1834572359950418,0.18713891716745895,0.17764306941716185
6,82,n6-u082,rotated,0.011983736796317942,-0.05485983434657829,-0.030892360753942406,0.11180683232009087,0.16666666666666916,0.18952159795807436,0.22041395871201674
6,83,n6-u083,native,0.011262939424833498,0.010661818102324111,0.03318769695199111,0.1666666666666774,0.1560048485643533,0.21338156792993287,0.18019387097794184
6,83,n6-u083,rotated,-0.03327138743659279,0.08116631729206078,0.014623542418875209,0.247832983958736,0.1666666666666752,0.22848014632200542,0.21385660390313027
6,84,n6-u084,native,-0.01389938725567361,0.023491275319802274,-0.004307499191544946,0.1666666666666701,0.14317539134686783,0.1890553792279141,0.19336287841945907
6,84,n6-u084,rotated,0.04280990284397191,-0.08722194327894932,-0.001602137591005499,0.07944472338771953,0.16666666666666885,0.15825451430272877,0.15985665189373427
6,85,n6-u085,native,0.028616096919807217,-0.04246455653026404,0.014767637309350396,0.16666666666666843,0.20913122319693248,0.22959918896448067,0.21483155165513027
6,85,n6-u085,rotated,-0.005290558382129343,-0.017324602159348362,-0.027905718923607048,0.1493420645073235,0.16666666666667188,0.14167079423262569,0.16957651315623273
6,86,n6-u086,native,0.04566400809374259,-0.09428099133099804,-0.002952975143512866,0.16666666666666885,0.2609476579976669,0.1878420031996063,0.19079497834311923
6,86,n6-u086,rotated,0.019480311887779152,-0.020795153776628994,0.01816546999892931,0.14587151289003888,0.16666666666666788,0.17419962632860259,0.15603415632967327
6,87,n6-u087,native,-0.016809229619867506,0.032168721409302575,-0.0014497378304324363,0.16666666666666904,0.13449794525736647,0.1616742004215239,0.1631239382519563
6,87,n6-u087,rotated,0.010851485649405261,-0.0012017516609638124,0.02050121963784671,0.165464915005705,0.16666666666666882,0.18116957123495414,0.16066835159710746
6,88,n6-u088,native,0.01571157167819072,-0.048039536620398615,-0.016616393264017176,0.16666666666667032,0.21470620328706894,0.20795628006338635,0.22457267332740355
6,88,n6-u088,rotated,0.016945234549278508,-0.023247942807294503,0.010642526291262513,0.14341872385937623,0.16666666666667074,0.17807767636490524,0.16743515007364274
6,89,n6-u089,native,-0.011779827730749844,0.047434513682383384,0.023874858220883696,0.16666666666666885,0.11923215298428547,0.19595699312837184,0.17208213490748814
6,89,n6-u089,rotated,-0.009755709705176604,0.03723500233510252,0.01772358292474931,0.20390166900177245,0.16666666666666993,0.1894614348923675,0.17173785196761815
6,90,n6-u090,native,-0.011942044369005356,0.06754215177095312,0.0436580630329424,0.16666666666667115,0.09912451489571804,0.24044213760174798,0.1967840745688056
6,90,n6-u090,rotated,-0.0044658351888707,0.024974162380335563,0.016042492002594163,0.19164082904700505,0.1666666666666695,0.203061074407946,0.1870185824053518
6,91,n6-u091,native,-0.00025833297742061494,0.02554389303774554,0.02502722708290431,0.1666666666666701,0.14112277362892456,0.17152313945670614,0.14649591237380177
6,91,n6-u091,rotated,-0.011316355680581664,0.066547505618783,0.043914794257619676,0.23321417228545507,0.16666666666667207,0.22970676808016605,0.18579197382254634
6,92,n6-u092,native,-0.0038132356336517087,0.013678641869059677,0.006052170601756259,0.1666666666666687,0.15298802479760903,0.2066809950796339,0.20062882447787764
6,92,n6-u092,rotated,-0.08241674442517857,0.17388069574382728,0.009047206893470147,0.34054736241049915,0.16666666666667188,0.19637002946572157,0.18732282257225144
6,93,n6-u093,native,0.03672164259755807,-0.04549117475373249,0.027952110441383647,0.16666666666667054,0.21215784142040303,0.20862690069192663,0.180674790250543
6,93,n6-u093,rotated,0.0009924331751784664,0.01716177690757925,0.019146643257936184,0.18382844357425124,0.166666666666672,0.17897699413228202,0.15983035087434588
6,94,n6-u094,native,0.054807989339517235,-0.09747423402382985,0.01214174465520463,0.16666666666667054,0.2641409006905004,0.22987157230861827,0.21772982765341367
6,94,n6-u094,rotated,-0.033823983650338334,0.035387743961649176,-0.03226022333902749,0.20205441062831794,0.16666666666666877,0.14546752667186577,0.17772775001089328
6,95,n6-u095,native,-0.015234889350368035,-0.011270932947179346,-0.041740711647915416,0.16666666666666888,0.17793759961384822,0.21929966287564107,0.2610403745235565
6,95,n6-u095,rotated,-0.05420537750015142,0.09755456683448491,-0.010856188165817938,0.26422123350115717,0.16666666666667226,0.19834008188010546,0.20919627004592337
