n,figure6_log10_capped,single_fixed_frame_log10_capped,prop3_single_fragment_bound
2,0.0,0.0,0.9682458365518543
3,0.0,0.0,0.7216878364870322
4,0.0,0.0,0.5251050315105036
5,0.0,0.0,0.3768891807222045
6,0.0,0.0,0.2685430777647873
7,0.0,0.0,0.19062321291575582
8,0.0,0.0,0.1350529511373037
9,0.0,0.0,0.09558988911273406
10,0.0,0.0,0.06762522260005742
11,0.0,-0.3226406839971829,0.04782992073708631
12,0.0,-1.3021450561338972,0.0338249885603908
13,0.0,-3.284841397891533,0.02391933839336126
14,0.0,-7.283727813815893,0.01691404249992739
15,0.0,-15.328863819164559,0.011960216637653
16,0.0,-31.486114478867083,0.008457214810650118
17,0.0,-63.895335754613534,0.00598017675482134
18,0.0,-128.84773100704825,0.004228631601449192
19,-56.85367704832277,-258.9419581349894,0.0029900969320935836
20,-247.92351556371412,-519.3983154471897,0.002114318825272562
21,-638.6236639420929,-1040.6899016494524,0.0014950495353878925
22,-1428.7660785407527,-2083.8088789821077,0.001057159790705791
23,-3018.0294063193264,-4170.804575963145,0.0007475249013617631
24,-6205.849432518706,-8345.8675791863,0.0005285799426116159
25,-12591.209708878014,-16697.509069842603,0.00037376246738936417
26,-25372.236589507822,-33402.93526937904,0.00026428997721314896
27,-50945.408802129066,-66816.81863666081,0.0001868812357832426
28,-102104.00417730877,-133648.8718075227,0.00013214498934499216
29,-204435.03212912552,-267319.0400855586,9.344061815269137e-05
30,-409113.15380948846,-534667.9495141525,6.607249476479829e-05
31,-818488.6004776172,-1069377.8922439117,4.672030910897945e-05
32,-1637263.1206389745,-2138814.9234484364,3.303624739393692e-05
