control,n,time,site,trace_distance
exchange_chain,4,0.0,0,1.0
exchange_chain,4,0.0,1,0.0
exchange_chain,4,0.0,2,0.0
exchange_chain,4,0.0,3,0.0
exchange_chain,4,0.05,0,0.9975026026481371
exchange_chain,4,0.05,1,0.0024958363702415973
exchange_chain,4,0.05,2,1.560547919083905e-06
exchange_chain,4,0.05,3,4.3370238847318585e-10
exchange_chain,4,0.1,0,0.9900415695896321
exchange_chain,4,0.1,1,0.009933527448776618
exchange_chain,4,0.1,2,2.487526703141996e-05
exchange_chain,4,0.1,3,2.7694559645226606e-08
exchange_chain,4,0.15000000000000002,0,0.977709833794334
exchange_chain,4,0.15000000000000002,1,0.022164706423454687
exchange_chain,4,0.15000000000000002,2,0.00012514550506130274
exchange_chain,4,0.15000000000000002,3,3.1427715022932476e-07
exchange_chain,4,0.2,0,0.9606604814977968
exchange_chain,4,0.2,1,0.03894569383221675
exchange_chain,4,0.2,2,0.0003920681077652314
exchange_chain,4,0.2,3,1.7565622212203856e-06
exchange_chain,4,0.25,0,0.9391040886171824
exchange_chain,4,0.25,1,0.05994280600786889
exchange_chain,4,0.25,2,0.0009464497527187758
exchange_chain,4,0.25,3,6.655622229627076e-06
exchange_chain,4,0.30000000000000004,0,0.9133050697682141
exchange_chain,4,0.30000000000000004,1,0.08473961039868956
exchange_chain,4,0.30000000000000004,2,0.0019356098203979137
exchange_chain,4,0.30000000000000004,3,1.971001269858774e-05
exchange_chain,4,0.35000000000000003,0,0.8835771157487202
exchange_chain,4,0.35000000000000003,1,0.11284595653047888
exchange_chain,4,0.35000000000000003,2,0.0035277098441490076
exchange_chain,4,0.35000000000000003,3,4.92178766519639e-05
exchange_chain,4,0.4,0,0.8502778139911571
exchange_chain,4,0.4,1,0.1437085698260357
exchange_chain,4,0.4,2,0.005905180361658805
exchange_chain,4,0.4,3,0.00010843582114880793
exchange_chain,4,0.45,0,0.8138025629470993
exchange_chain,4,0.45,1,0.176722959219641
exchange_chain,4,0.45,2,0.009257444024274674
exchange_chain,4,0.45,3,0.0002170338089848729
exchange_chain,4,0.5,0,0.7745779052785594
exchange_chain,4,0.5,1,0.21124635938820283
exchange_chain,4,0.5,2,0.01377315631875755
exchange_chain,4,0.5,3,0.00040257901448017197
exchange_chain,4,0.55,0,0.7330544157840251
exchange_chain,4,0.55,1,0.2466114052017444
exchange_chain,4,0.55,2,0.019632201579319213
exchange_chain,4,0.55,3,0.0007019774349112937
exchange_chain,4,0.6000000000000001,0,0.6896992879408492
exchange_chain,4,0.6000000000000001,1,0.2821402202332305
exchange_chain,4,0.6000000000000001,2,0.026997691642982345
exchange_chain,4,0.6000000000000001,3,0.0011628001829377761
exchange_chain,4,0.65,0,0.644988767635075
exchange_chain,4,0.65,1,0.3171585932313017
exchange_chain,4,0.65,2,0.03600821723435073
exchange_chain,4,0.65,3,0.0018444218992726157
exchange_chain,4,0.7000000000000001,0,0.5994005839891429
exchange_chain,4,0.7000000000000001,1,0.3510099165209605
exchange_chain,4,0.7000000000000001,2,0.046770597850184864
exchange_chain,4,0.7000000000000001,3,0.0028189016397118637
exchange_chain,4,0.75,0,0.553406525182365
exchange_chain,4,0.75,1,0.38306856832578995
exchange_chain,4,0.75,2,0.05935336463369503
exchange_chain,4,0.75,3,0.004171541858150019
exchange_chain,4,0.8,0,0.5074653018645521
exchange_chain,4,0.8,1,0.41275243676874895
exchange_chain,4,0.8,2,0.07378119275589873
exchange_chain,4,0.8,3,0.006001068610800088
exchange_chain,4,0.8500000000000001,0,0.4620158323441478
exchange_chain,4,0.8500000000000001,1,0.43953430637994795
exchange_chain,4,0.8500000000000001,2,0.09003047561140207
exchange_chain,4,0.8500000000000001,3,0.008419385664502304
exchange_chain,4,0.9,0,0.4174710724173771
exchange_chain,4,0.9,1,0.4629518577084158
exchange_chain,4,0.9,2,0.10802620331339957
exchange_chain,4,0.9,3,0.011550866560807437
exchange_chain,4,0.9500000000000001,0,0.3742124987911639
exchange_chain,4,0.9500000000000001,1,0.4826160663225165
exchange_chain,4,0.9500000000000001,2,0.12764027331641936
exchange_chain,4,0.9500000000000001,3,0.015531161569900127
exchange_chain,4,1.0,0,0.3325853388971986
exchange_chain,4,1.0,1,0.49821782816499455
exchange_chain,4,1.0,2,0.14869132241787225
exchange_chain,4,1.0,3,0.020505510519934704
exchange_chain,4,1.05,0,0.2928946219060877
exchange_chain,4,1.05,1,0.5095326828550804
exchange_chain,4,1.05,2,0.17094612791306038
exchange_chain,4,1.05,3,0.02662656732577124
exchange_chain,4,1.1,0,0.25540210637811644
exchange_chain,4,1.1,1,0.5164235539572695
exchange_chain,4,1.1,2,0.194122582408037
exchange_chain,4,1.1,3,0.03405175725657685
exchange_chain,4,1.1500000000000001,0,0.22032411970925309
exchange_chain,4,1.1500000000000001,1,0.5188414742535616
exchange_chain,4,1.1500000000000001,2,0.21789420288938327
exchange_chain,4,1.1500000000000001,3,0.042940203147801746
exchange_chain,4,1.2000000000000002,0,0.18783032384302184
exchange_chain,4,1.2000000000000002,1,0.5168243134174424
exchange_chain,4,1.2000000000000002,2,0.24189609129148343
exchange_chain,4,1.2000000000000002,3,0.053449271448052144
exchange_chain,4,1.25,0,0.1580434011208363
exchange_chain,4,1.25,1,0.5104935739450529
exchange_chain,4,1.25,2,0.26573222216384695
exchange_chain,4,1.25,3,0.06573080277026408
exchange_chain,4,1.3,0,0.13103963412729241
exchange_chain,4,1.3,1,0.5000493675324573
exchange_chain,4,1.3,2,0.288983894257742
exchange_chain,4,1.3,3,0.07992710408250808
exchange_chain,4,1.35,0,0.10685033442456991
exchange_chain,4,1.35,1,0.48576372713874694
exchange_chain,4,1.35,2,0.31121914798746786
exchange_chain,4,1.35,3,0.09616679044921482
exchange_chain,4,1.4000000000000001,0,0.08546405760122319
exchange_chain,4,1.4000000000000001,1,0.46797244867410526
exchange_chain,4,1.4000000000000001,2,0.3320029207436114
exchange_chain,4,1.4000000000000001,3,0.11456057298106001
exchange_chain,4,1.4500000000000002,0,0.06682952648237855
exchange_chain,4,1.4500000000000002,1,0.44706568964844917
exchange_chain,4,1.4500000000000002,2,0.3509076877861495
exchange_chain,4,1.4500000000000002,3,0.1351970960830225
exchange_chain,4,1.5,0,0.05085917100531989
exchange_chain,4,1.5,1,0.4234775793998369
exchange_chain,4,1.5,2,0.36752431862006785
exchange_chain,4,1.5,3,0.15813893097477538
exchange_chain,4,1.55,0,0.03743318244074031
exchange_chain,4,1.55,1,0.3976751160443027
exchange_chain,4,1.55,2,0.3814728678853591
exchange_chain,4,1.55,3,0.183418833629598
exchange_chain,4,1.6,0,0.026403971552443346
exchange_chain,4,1.6,1,0.37014663857993535
exchange_chain,4,1.6,2,0.3924130162265196
exchange_chain,4,1.6,3,0.21103637364110078
exchange_chain,4,1.6500000000000001,0,0.01760091508175929
exchange_chain,4,1.6500000000000001,1,0.34139016835706637
exchange_chain,4,1.6500000000000001,2,0.4000538805033669
exchange_chain,4,1.6500000000000001,3,0.240955036057807
exchange_chain,4,1.7000000000000002,0,0.010835272687215423
exchange_chain,4,1.7000000000000002,1,0.3119019123084674
exchange_chain,4,1.7000000000000002,2,0.4041629240292026
exchange_chain,4,1.7000000000000002,3,0.2730998909751141
exchange_chain,4,1.75,0,0.005905157158860535
exchange_chain,4,1.75,1,0.2821652110309911
exchange_chain,4,1.75,2,0.40457371604287207
exchange_chain,4,1.75,3,0.3073559157672755
exchange_chain,4,1.8,0,0.0026004442787644745
exchange_chain,4,1.8,1,0.2526401983290706
exchange_chain,4,1.8,2,0.4011923149170311
exchange_chain,4,1.8,3,0.34356704247513276
exchange_chain,4,1.85,0,0.000707514961288886
exchange_chain,4,1.85,1,0.22375441566182624
exchange_chain,4,1.85,2,0.3940020810749655
exchange_chain,4,1.85,3,0.3815359883019186
exchange_chain,4,1.9000000000000001,0,1.3731057930225884e-05
exchange_chain,4,1.9000000000000001,1,0.19589459574117618
exchange_chain,4,1.9000000000000001,2,0.3830667624670056
exchange_chain,4,1.9000000000000001,3,0.42102491073388737
exchange_chain,4,1.9500000000000002,0,0.0003115571702460545
exchange_chain,4,1.9500000000000002,1,0.16939979512363018
exchange_chain,4,1.9500000000000002,2,0.36853173683364693
exchange_chain,4,1.9500000000000002,3,0.461756910872476
exchange_chain,4,2.0,0,0.0014022536460418424
exchange_chain,4,2.0,1,0.14455601696984885
exchange_chain,4,2.0,2,0.35062333982238764
exchange_chain,4,2.0,3,0.5034183895617208
exchange_chain,4,2.0500000000000003,0,0.003099080260552006
exchange_chain,4,2.0500000000000003,1,0.12159242326608827
exchange_chain,4,2.0500000000000003,2,0.32964625519947954
exchange_chain,4,2.0500000000000003,3,0.5456622412738792
exchange_chain,4,2.1,0,0.0052299654945653865
exchange_chain,4,2.1,1,0.10067919184067481
exchange_chain,4,2.1,2,0.3059789917097727
exchange_chain,4,2.1,3,0.5881118509549863
exchange_chain,4,2.15,0,0.0076396123821619345
exchange_chain,4,2.15,1,0.08192702864505096
exchange_chain,4,2.15,2,0.2800675193548786
exchange_chain,4,2.15,3,0.6303658396179084
exchange_chain,4,2.2,0,0.010191028168538131
exchange_chain,4,2.2,1,0.06538830119781301
exchange_chain,4,2.2,2,0.2524171847450897
exchange_chain,4,2.2,3,0.6720034858885583
exchange_chain,4,2.25,0,0.012766481051494336
exchange_chain,4,2.25,1,0.05105971599194068
exchange_chain,4,2.25,2,0.22358306952441498
exchange_chain,4,2.25,3,0.7125907334321491
exchange_chain,4,2.3000000000000003,0,0.01526790265010421
exchange_chain,4,2.3000000000000003,1,0.03888642217477074
exchange_chain,4,2.3000000000000003,2,0.19415899652064122
exchange_chain,4,2.3000000000000003,3,0.7516866786544831
exchange_chain,4,2.35,0,0.017616769147139867
exchange_chain,4,2.35,1,0.028767386986349563
exchange_chain,4,2.35,2,0.16476542417223278
exchange_chain,4,2.35,3,0.7888504196942772
exchange_chain,4,2.4000000000000004,0,0.019753506919390935
exchange_chain,4,2.4000000000000004,1,0.02056185624060211
exchange_chain,4,2.4000000000000004,2,0.13603649998671993
exchange_chain,4,2.4000000000000004,3,0.8236481368532855
exchange_chain,4,2.45,0,0.02163647957839583
exchange_chain,4,2.45,1,0.014096686383152502
exchange_chain,4,2.45,2,0.10860656748807421
exchange_chain,4,2.45,3,0.8556602665503756
exchange_chain,4,2.5,0,0.023240622422553956
exchange_chain,4,2.5,1,0.009174314038019934
exchange_chain,4,2.5,2,0.08309643767310271
exchange_chain,4,2.5,3,0.8844886258663227
exchange_chain,4,2.5500000000000003,0,0.024555797139369007
exchange_chain,4,2.5500000000000003,1,0.0055811149741227944
exchange_chain,4,2.5500000000000003,2,0.06009974495841777
exchange_chain,4,2.5500000000000003,3,0.90976334292809
exchange_chain,4,2.6,0,0.025584944047917137
exchange_chain,4,2.6,1,0.0030958974129232514
exchange_chain,4,2.6,2,0.04016970869146749
exchange_chain,4,2.6,3,0.931149449847691
exchange_chain,4,2.6500000000000004,0,0.026342111159239213
exchange_chain,4,2.6500000000000004,1,0.0014982747036873757
exchange_chain,4,2.6500000000000004,2,0.023806614452137158
exchange_chain,4,2.6500000000000004,3,0.9483529996849347
exchange_chain,4,2.7,0,0.02685043884892518
exchange_chain,4,2.7,1,0.0005766695643965737
exchange_chain,4,2.7,2,0.011446314718223173
exchange_chain,4,2.7,3,0.9611265768684538
exchange_chain,4,2.75,0,0.02714017604392252
exchange_chain,4,2.75,1,0.0001357160862516475
exchange_chain,4,2.75,2,0.003450026340011332
exchange_chain,4,2.75,3,0.9692740815298129
exchange_chain,4,2.8000000000000003,0,0.027246798654127435
exchange_chain,4,2.8000000000000003,1,2.8461071544704972e-06
exchange_chain,4,2.8000000000000003,2,9.56731886498236e-05
exchange_chain,4,2.8000000000000003,3,0.9726546820500666
exchange_chain,4,2.85,0,0.027209293721460463
exchange_chain,4,2.85,1,3.387278259517718e-05
exchange_chain,4,2.85,2,0.0015709870101436223
exchange_chain,4,2.85,3,0.9711858464857995
exchange_chain,4,2.9000000000000004,0,0.027068663665207805
exchange_chain,4,2.9000000000000004,1,0.00011741547420700968
exchange_chain,4,2.9000000000000004,2,0.007968538792284461
exchange_chain,4,2.9000000000000004,3,0.9648453820682993
exchange_chain,4,2.95,0,0.02686669437289886
exchange_chain,4,2.95,1,0.00017804555538286393
exchange_chain,4,2.95,2,0.019282827834854854
exchange_chain,4,2.95,3,0.9536724322368617
exchange_chain,4,3.0,0,0.026645019062916407
exchange_chain,4,3.0,1,0.0001780714075312143
exchange_chain,4,3.0,2,0.035409507316626856
exchange_chain,4,3.0,3,0.937767402212924
exchange_chain,4,3.0500000000000003,0,0.02644449720220854
exchange_chain,4,3.0500000000000003,1,0.00011792167349709669
exchange_chain,4,3.0500000000000003,2,0.056146774673749636
exchange_chain,4,3.0500000000000003,3,0.917290806450543
exchange_chain,4,3.1,0,0.026304914694852313
exchange_chain,4,3.1,1,3.512761493228647e-05
exchange_chain,4,3.1,2,0.08119890379543093
exchange_chain,4,3.1,3,0.8924610538947834
exchange_chain,4,3.1500000000000004,0,0.026264998469848047
exchange_chain,4,3.1500000000000004,1,1.947031824072594e-06
exchange_chain,4,3.1500000000000004,2,0.11018184517950533
exchange_chain,4,3.1500000000000004,3,0.8635512093188207
exchange_chain,4,3.2,0,0.02636272589312321
exchange_chain,4,3.2,1,0.00012171249513896239
exchange_chain,4,3.2,2,0.14263077103797944
exchange_chain,4,3.2,3,0.8308847905737564
exchange_chain,4,3.25,0,0.026635897500268936
exchange_chain,4,3.25,1,0.0005240245047695212
exchange_chain,4,3.25,2,0.17800939612428268
exchange_chain,4,3.25,3,0.7948306818706773
exchange_chain,4,3.3000000000000003,0,0.027122930760508732
exchange_chain,4,3.3000000000000003,1,0.0013589445689499147
exchange_chain,4,3.3000000000000003,2,0.2157208629200187
exchange_chain,4,3.3000000000000003,3,0.7557972617505213
exchange_chain,4,3.35,0,0.027863823272181516
exchange_chain,4,3.35,1,0.00279037315704065
exchange_chain,4,3.35,2,0.25511994281707595
exchange_chain,4,3.35,3,0.7142258607537003
exchange_chain,4,3.4000000000000004,0,0.02890122624584274
exchange_chain,4,3.4000000000000004,1,0.0049888221747377
exchange_chain,4,3.4000000000000004,2,0.29552627397947073
exchange_chain,4,3.4000000000000004,3,0.6705836775999476
exchange_chain,4,3.45,0,0.030281563591595485
exchange_chain,4,3.45,1,0.008123810361614019
exchange_chain,4,3.45,2,0.33623833243402557
exchange_chain,4,3.45,3,0.6253562936127638
exchange_chain,4,3.5,0,0.03205612857292524
exchange_chain,4,3.5,1,0.012356122289056515
exchange_chain,4,3.5,2,0.37654781621359074
exchange_chain,4,3.5,3,0.579039932924426
exchange_chain,4,3.5500000000000003,0,0.03428208893713052
exchange_chain,4,3.5500000000000003,1,0.017830177091125606
exchange_chain,4,3.5500000000000003,2,0.4157541134674649
exchange_chain,4,3.5500000000000003,3,0.5321336205042773
exchange_chain,4,3.6,0,0.037023332732631684
exchange_chain,4,3.6,1,0.024666751525689312
exchange_chain,4,3.6,2,0.45317852457014635
exchange_chain,4,3.6,3,0.4851313911715307
exchange_chain,4,3.6500000000000004,0,0.04035109065773638
exchange_chain,4,3.6500000000000004,1,0.03295629346203392
exchange_chain,4,3.6500000000000004,2,0.4881779154079722
exchange_chain,4,3.6500000000000004,3,0.43851470047225605
exchange_chain,4,3.7,0,0.04434427666739445
exchange_chain,4,3.7,1,0.04275304663689487
exchange_chain,4,3.7,2,0.5201574940077023
exchange_chain,4,3.7,3,0.3927451826880072
exchange_chain,4,3.75,0,0.049089496541665986
exchange_chain,4,3.75,1,0.05407018591017547
exchange_chain,4,3.75,2,0.5485824250983037
exchange_chain,4,3.75,3,0.34825789244985295
exchange_chain,4,3.8000000000000003,0,0.05468068397748968
exchange_chain,4,3.8000000000000003,1,0.06687613485457827
exchange_chain,4,3.8000000000000003,2,0.5729880264868348
exchange_chain,4,3.8000000000000003,3,0.30545515468109585
exchange_chain,4,3.85,0,0.06121833523299583
exchange_chain,4,3.85,1,0.08109220505855458
exchange_chain,4,3.85,2,0.5929883265292357
exchange_chain,4,3.85,3,0.26470113317921223
exchange_chain,4,3.9000000000000004,0,0.06880832611099597
exchange_chain,4,3.9000000000000004,1,0.09659165987723138
exchange_chain,4,3.9000000000000004,2,0.6082828025823607
exchange_chain,4,3.9000000000000004,3,0.2263172114294102
exchange_chain,4,3.95,0,0.07756030875476405
exchange_chain,4,3.95,1,0.11320026551543981
exchange_chain,4,3.95,2,0.6186611651010914
exchange_chain,4,3.95,3,0.1905782606287032
exchange_chain,4,4.0,0,0.08758569995348127
exchange_chain,4,4.0,1,0.1306983503452273
exchange_chain,4,4.0,2,0.6240060998578527
exchange_chain,4,4.0,3,0.1577098498434369
exchange_chain,4,4.05,0,0.09899528700520172
exchange_chain,4,4.05,1,0.14882435038355396
exchange_chain,4,4.05,2,0.6242939304020998
exchange_chain,4,4.05,3,0.1278864322091426
exchange_chain,4,4.1000000000000005,0,0.11189649124150852
exchange_chain,4,4.1000000000000005,1,0.16727977605222805
exchange_chain,4,4.1000000000000005,2,0.619593213093282
exchange_chain,4,4.1000000000000005,3,0.10123051961298052
exchange_chain,4,4.15,0,0.12639034266246763
exchange_chain,4,4.15,1,0.18573549388007038
exchange_chain,4,4.15,2,0.610061326571238
exchange_chain,4,4.15,3,0.07781283688622184
exchange_chain,4,4.2,0,0.14256823135949306
exchange_chain,4,4.2,1,0.20383917782471805
exchange_chain,4,4.2,2,0.5959391651343243
exchange_chain,4,4.2,3,0.05765342568146302
exchange_chain,4,4.25,0,0.16050851213919698
exchange_chain,4,4.25,1,0.2212237494652988
exchange_chain,4,4.25,2,0.5775440899932113
exchange_chain,4,4.25,3,0.040723648402291125
exchange_chain,4,4.3,0,0.18027304766125604
exchange_chain,4,4.3,1,0.2375165954345284
exchange_chain,4,4.3,2,0.555261332656823
exchange_chain,4,4.3,3,0.026949024247390346
exchange_chain,4,4.3500000000000005,0,0.20190378217132726
exchange_chain,4,4.3500000000000005,1,0.25234932499014084
exchange_chain,4,4.3500000000000005,2,0.5295340797983679
exchange_chain,4,4.3500000000000005,3,0.016212813040162123
exchange_chain,4,4.4,0,0.22541944230424388
exchange_chain,4,4.4,1,0.2653678113016637
exchange_chain,4,4.4,2,0.5008524979929245
exchange_chain,4,4.4,3,0.008360248401165515
exchange_chain,4,4.45,0,0.2508124632724271
exchange_chain,4,4.45,1,0.2762422474201416
exchange_chain,4,4.45,2,0.4697419790215259
exchange_chain,4,4.45,3,0.003203310285902821
exchange_chain,4,4.5,0,0.27804623792609884
exchange_chain,4,4.5,1,0.28467694240062347
exchange_chain,4,4.5,2,0.43675090148388485
exchange_chain,4,4.5,3,0.0005259181893910742
exchange_chain,4,4.55,0,0.30705278263263425
exchange_chain,4,4.55,1,0.2904195848684737
exchange_chain,4,4.55,2,0.40243821192523455
exchange_chain,4,4.55,3,8.942057365555713e-05
exchange_chain,4,4.6000000000000005,0,0.33773090770211134
exchange_chain,4,4.6000000000000005,1,0.29326971047619843
exchange_chain,4,4.6000000000000005,2,0.36736112843085045
exchange_chain,4,4.6000000000000005,3,0.001638253390838386
exchange_chain,4,4.65,0,0.36994497128730486
exchange_chain,4,4.65,1,0.2930861260086587
exchange_chain,4,4.65,2,0.33206326174240985
exchange_chain,4,4.65,3,0.004905640961624932
exchange_chain,4,4.7,0,0.4035242844824479
exchange_chain,4,4.7,1,0.2897930659921589
exchange_chain,4,4.7,2,0.2970634336674537
exchange_chain,4,4.7,3,0.009619215857937582
exchange_chain,4,4.75,0,0.43826322197626977
exchange_chain,4,4.75,1,0.2833848869963909
exchange_chain,4,4.75,2,0.26284545033982437
exchange_chain,4,4.75,3,0.015506440687512162
exchange_chain,4,4.800000000000001,0,0.4739220773827786
exchange_chain,4,4.800000000000001,1,0.2739291396695389
exchange_chain,4,4.800000000000001,2,0.22984905937425393
exchange_chain,4,4.800000000000001,3,0.02229972357342591
exchange_chain,4,4.8500000000000005,0,0.5102286856337381
exchange_chain,4,4.8500000000000005,1,0.2615678980482716
exchange_chain,4,4.8500000000000005,2,0.1984622859307778
exchange_chain,4,4.8500000000000005,3,0.02974113038721134
exchange_chain,4,4.9,0,0.5468808169707502
exchange_chain,4,4.9,1,0.24651726884088937
exchange_chain,4,4.9,2,0.16901530409108742
exchange_chain,4,4.9,3,0.03758661009727113
exchange_chain,4,4.95,0,0.5835493285586963
exchange_chain,4,4.95,1,0.22906504909678244
exchange_chain,4,4.95,2,0.1417759577892634
exchange_chain,4,4.95,3,0.04560966455525615
exchange_chain,4,5.0,0,0.6198820410165207
exchange_chain,4,5.0,1,0.20956654777806683
exchange_chain,4,5.0,2,0.11694700095974594
exchange_chain,4,5.0,3,0.05360441024566476
exchange_chain,4,5.050000000000001,0,0.655508288699278
exchange_chain,4,5.050000000000001,1,0.18843863402617134
exchange_chain,4,5.050000000000001,2,0.09466508074795049
exchange_chain,4,5.050000000000001,3,0.0613879965265962
exchange_chain,4,5.1000000000000005,0,0.6900440748403324
exchange_chain,4,5.1000000000000005,1,0.1661521211417566
exchange_chain,4,5.1000000000000005,2,0.07500144178101488
exchange_chain,4,5.1000000000000005,3,0.0688023622368937
exchange_chain,4,5.15,0,0.7230977461365653
exchange_chain,4,5.15,1,0.1432226392651644
exchange_chain,4,5.15,2,0.05796428481834297
exchange_chain,4,5.15,3,0.07571532977992594
exchange_chain,4,5.2,0,0.7542760864699674
exchange_chain,4,5.2,1,0.12020019030284179
exchange_chain,4,5.2,2,0.04350267075682052
exchange_chain,4,5.2,3,0.0820210524703678
exchange_chain,4,5.25,0,0.7831907166087566
exchange_chain,4,5.25,1,0.09765761472066652
exchange_chain,4,5.25,2,0.031511822047949604
exchange_chain,4,5.25,3,0.08763984662262495
exchange_chain,4,5.300000000000001,0,0.8094646762762712
exchange_chain,4,5.300000000000001,1,0.07617823045568577
exchange_chain,4,5.300000000000001,2,0.021839639091672206
exchange_chain,4,5.300000000000001,3,0.09251745417636764
exchange_chain,4,5.3500000000000005,0,0.8327390572173542
exchange_chain,4,5.3500000000000005,1,0.05634292855651836
exchange_chain,4,5.3500000000000005,2,0.014294219979242205
exchange_chain,4,5.3500000000000005,3,0.09662379424688214
exchange_chain,4,5.4,0,0.8526795510665353
exchange_chain,4,5.4,1,0.03871702757988948
exchange_chain,4,5.4,2,0.008652148795290759
exchange_chain,4,5.4,3,0.0999512725582816
exchange_chain,4,5.45,0,0.8689827740966393
exchange_chain,4,5.45,1,0.02383719875193601
exchange_chain,4,5.45,2,0.0046673011235087575
exchange_chain,4,5.45,3,0.10251272602791286
exchange_chain,4,5.5,0,0.8813822323918207
exchange_chain,4,5.5,1,0.012198776142011567
exchange_chain,4,5.5,2,0.00207990581930592
exchange_chain,4,5.5,3,0.10433908564685879
exchange_chain,4,5.550000000000001,0,0.8896537956584585
exchange_chain,4,5.550000000000001,1,0.004243760484839298
exchange_chain,4,5.550000000000001,2,0.0006255997170441035
exchange_chain,4,5.550000000000001,3,0.10547684413965502
exchange_chain,4,5.6000000000000005,0,0.8936205556947789
exchange_chain,4,5.6000000000000005,1,0.0003498119156788072
exchange_chain,4,5.6000000000000005,2,4.42167372833384e-05
exchange_chain,4,5.6000000000000005,3,0.10598541565225544
exchange_chain,4,5.65,0,0.8931569563412669
exchange_chain,4,5.65,1,0.0008205060431954474
exchange_chain,4,5.65,2,8.806466744936127e-05
exchange_chain,4,5.65,3,0.10593447294808508
exchange_chain,4,5.7,0,0.8881920953095407
exchange_chain,4,5.7,1,0.005877099958484451
exchange_chain,4,5.7,2,0.0005294613377003986
exchange_chain,4,5.7,3,0.10540134339427111
exchange_chain,4,5.75,0,0.8787121143478827
exchange_chain,4,5.75,1,0.015652020628907456
exchange_chain,4,5.75,2,0.0011673264569535813
exchange_chain,4,5.75,3,0.10446853856625324
exchange_chain,4,5.800000000000001,0,0.8647616123942163
exchange_chain,4,5.800000000000001,1,0.030184248478354853
exchange_chain,4,5.800000000000001,2,0.0018326553056147645
exchange_chain,4,5.800000000000001,3,0.103221483821811
exchange_chain,4,5.8500000000000005,0,0.8464440362840725
exchange_chain,4,5.8500000000000005,1,0.04941672478053949
exchange_chain,4,5.8500000000000005,2,0.002392734953664202
exchange_chain,4,5.8500000000000005,3,0.10174650398172069
exchange_chain,4,5.9,0,0.8239210247689963
exchange_chain,4,5.9,1,0.0731958638765225
exchange_chain,4,5.9,2,0.0027540017188775467
exchange_chain,4,5.9,3,0.10012910963560034
exchange_chain,4,5.95,0,0.7974107035726985
exchange_chain,4,5.95,1,0.10127320135035951
exchange_chain,4,5.95,2,0.002863479141194822
exchange_chain,4,5.95,3,0.09845261593574392
exchange_chain,4,6.0,0,0.7671849514585805
exchange_chain,4,6.0,1,0.13330915839677196
exchange_chain,4,6.0,2,0.002708777702622149
exchange_chain,4,6.0,3,0.09679711244202184
exchange_chain,4,6.050000000000001,0,0.7335656792838887
exchange_chain,4,6.050000000000001,1,0.16887885196066058
exchange_chain,4,6.050000000000001,2,0.0023166797107489426
exchange_chain,4,6.050000000000001,3,0.09523878904469804
exchange_chain,4,6.1000000000000005,0,0.6969201852565161
exchange_chain,4,6.1000000000000005,1,0.2074798310854869
exchange_chain,4,6.1000000000000005,2,0.0017503740282641279
exchange_chain,4,6.1000000000000005,3,0.0938496096297296
exchange_chain,4,6.15,0,0.6576556695900353
exchange_chain,4,6.15,1,0.2485415735060495
exchange_chain,4,6.15,2,0.0011054445391787309
exchange_chain,4,6.15,3,0.09269731236473369
exchange_chain,4,6.2,0,0.6162130099988314
exchange_chain,4,6.2,1,0.29143653402400604
exchange_chain,4,6.2,2,0.000504752321548468
exchange_chain,4,6.2,3,0.09184570365561079
exchange_chain,4,6.25,0,0.5730599155559504
exchange_chain,4,6.25,1,0.33549249867806896
exchange_chain,4,6.25,2,9.238346011763841e-05
exchange_chain,4,6.25,3,0.09135520230585947
exchange_chain,4,6.300000000000001,0,0.5286835899700661
exchange_chain,4,6.300000000000001,1,0.3800059671074453
exchange_chain,4,6.300000000000001,2,2.6861407528154153e-05
exchange_chain,4,6.300000000000001,3,0.09128358151495686
exchange_chain,4,6.3500000000000005,0,0.4835830460033155
exchange_chain,4,6.3500000000000005,1,0.42425626060117494
exchange_chain,4,6.3500000000000005,2,0.00047384405324200815
exchange_chain,4,6.3500000000000005,3,0.09168684934226476
exchange_chain,4,6.4,0,0.438261220295595
exchange_chain,4,6.4,1,0.46752003575315126
exchange_chain,4,6.4,2,0.0015985406049586885
exchange_chain,4,6.4,3,0.09262020334629104
exchange_chain,4,6.45,0,0.393217042104378
exchange_chain,4,6.45,1,0.5090858738442126
exchange_chain,4,6.45,2,0.003558091619669904
exchange_chain,4,6.45,3,0.09413899243173582
exchange_chain,4,6.5,0,0.34893761031250575
exchange_chain,4,6.5,1,0.5482686142939843
exchange_chain,4,6.5,2,0.006494156814675423
exchange_chain,4,6.5,3,0.09629961857883076
exchange_chain,4,6.550000000000001,0,0.3058906304811225
exchange_chain,4,6.550000000000001,1,0.5844231068096456
exchange_chain,4,6.550000000000001,2,0.010525949605728089
exchange_chain,4,6.550000000000001,3,0.09916031310350049
exchange_chain,4,6.6000000000000005,0,0.2645172577944897
exchange_chain,4,6.6000000000000005,1,0.6169570710463939
exchange_chain,4,6.6000000000000005,2,0.01574394481224326
exchange_chain,4,6.6000000000000005,3,0.1027817263468703
exchange_chain,4,6.65,0,0.2252254826012597
exchange_chain,4,6.65,1,0.6453427743263176
exchange_chain,4,6.65,2,0.02220446697629161
exchange_chain,4,6.65,3,0.10722727609612775
exchange_chain,4,6.7,0,0.1883841831232052
exchange_chain,4,6.7,1,0.6691272666897043
exchange_chain,4,6.7,2,0.029925341777419595
exchange_chain,4,6.7,3,0.1125632084096675
exchange_chain,4,6.75,0,0.15431795506859947
exchange_chain,4,6.75,1,0.6879409475510941
exchange_chain,4,6.75,2,0.03888276276677627
exchange_chain,4,6.75,3,0.11885833461352657
exchange_chain,4,6.800000000000001,0,0.12330281070852701
exchange_chain,4,6.800000000000001,1,0.7015042786198952
exchange_chain,4,6.800000000000001,2,0.049009490914072765
exchange_chain,4,6.800000000000001,3,0.12618341975750197
exchange_chain,4,6.8500000000000005,0,0.09556282086034151
exchange_chain,4,6.8500000000000005,1,0.7096325025060055
exchange_chain,4,6.8500000000000005,2,0.06019446620502547
exchange_chain,4,6.8500000000000005,3,0.13461021042862345
exchange_chain,4,6.9,0,0.07126775262804122
exchange_chain,4,6.9,1,0.7122382744399612
exchange_chain,4,6.9,2,0.07228386978857457
exchange_chain,4,6.9,3,0.14421010314341903
exchange_chain,4,6.95,0,0.050531734162457195
exchange_chain,4,6.95,1,0.709332164590553
exchange_chain,4,6.95,2,0.08508363306568317
exchange_chain,4,6.95,3,0.15505246818130297
exchange_chain,4,7.0,0,0.033412955634342364
exchange_chain,4,7.0,1,0.7010210393074656
exchange_chain,4,7.0,2,0.09836334778876873
exchange_chain,4,7.0,3,0.1672026572694194
exchange_chain,4,7.050000000000001,0,0.019914393578472814
exchange_chain,4,7.050000000000001,1,0.6875043799827443
exchange_chain,4,7.050000000000001,2,0.1118614898660096
exchange_chain,4,7.050000000000001,3,0.18071973657276957
exchange_chain,4,7.1000000000000005,0,0.00998552428061605
exchange_chain,4,7.1000000000000005,1,0.669068646858689
exchange_chain,4,7.1000000000000005,2,0.12529183027969049
exchange_chain,4,7.1000000000000005,3,0.19565399858100083
exchange_chain,4,7.15,0,0.003524971438563252
exchange_chain,4,7.15,1,0.6460798408048122
exchange_chain,4,7.15,2,0.1383508704219446
exchange_chain,4,7.15,3,0.21204431733467577
exchange_chain,4,7.2,0,0.0003840144012583809
exchange_chain,4,7.2,1,0.6189744577150197
exchange_chain,4,7.2,2,0.15072610723279395
exchange_chain,4,7.2,3,0.2299154206509239
exchange_chain,4,7.25,0,0.0003708663038908027
exchange_chain,4,7.25,1,0.588249066717289
exchange_chain,4,7.25,2,0.16210490669386685
exchange_chain,4,7.25,3,0.2492751602849494
exchange_chain,4,7.300000000000001,0,0.00325561674838683
exchange_chain,4,7.300000000000001,1,0.5544487739539652
exchange_chain,4,7.300000000000001,2,0.1721837432532215
exchange_chain,4,7.300000000000001,3,0.27011186604442194
exchange_chain,4,7.3500000000000005,0,0.008775721644946166
exchange_chain,4,7.3500000000000005,1,0.5181548575488462
exchange_chain,4,7.3500000000000005,2,0.18067754824514998
exchange_chain,4,7.3500000000000005,3,0.29239187256105365
exchange_chain,4,7.4,0,0.016641913680889506
exchange_chain,4,7.4,1,0.4799718759683591
exchange_chain,4,7.4,2,0.18732890276606384
exchange_chain,4,7.4,3,0.31605730758468376
exchange_chain,4,7.45,0,0.026544400794868896
exchange_chain,4,7.45,1,0.44051456093682767
exchange_chain,4,7.45,2,0.19191681003285616
exchange_chain,4,7.45,3,0.3410242282354429
exchange_chain,4,7.5,0,0.03815921710737588
exchange_chain,4,7.5,1,0.40039480720475107
exchange_chain,4,7.5,2,0.1942647890524749
exchange_chain,4,7.5,3,0.36718118663539323
exchange_chain,4,7.550000000000001,0,0.05115459101377523
exchange_chain,4,7.550000000000001,1,0.36020906481917053
exchange_chain,4,7.550000000000001,2,0.19424804534668277
exchange_chain,4,7.550000000000001,3,0.39438829882036736
exchange_chain,4,7.6000000000000005,0,0.06519719852649303
exchange_chain,4,7.6000000000000005,1,0.32052642533027026
exchange_chain,4,7.6000000000000005,2,0.19179949518962897
exchange_chain,4,7.6000000000000005,3,0.4224768809536034
exchange_chain,4,7.65,0,0.0799581763247693
exchange_chain,4,7.65,1,0.2818776720046522
exchange_chain,4,7.65,2,0.18691444683061342
exchange_chain,4,7.65,3,0.45124970483996063
exchange_chain,4,7.7,0,0.09511877812740394
exchange_chain,4,7.7,1,0.24474553620027056
exchange_chain,4,7.7,2,0.17965377482249653
exchange_chain,4,7.7,3,0.48048191084982417
exchange_chain,4,7.75,0,0.11037556967358929
exchange_chain,4,7.75,1,0.2095563683529802
exchange_chain,4,7.75,2,0.1701454610365206
exchange_chain,4,7.75,3,0.5099226009369047
exchange_chain,4,7.800000000000001,0,0.12544507144754702
exchange_chain,4,7.800000000000001,1,0.1766733934365481
exchange_chain,4,7.800000000000001,2,0.15858441726332173
exchange_chain,4,7.800000000000001,3,0.5392971178525785
exchange_chain,4,7.8500000000000005,0,0.14006777393265718
exchange_chain,4,7.8500000000000005,1,0.14639167831404304
exchange_chain,4,7.8500000000000005,2,0.1452305484163609
exchange_chain,4,7.8500000000000005,3,0.5683099993369349
exchange_chain,4,7.9,0,0.15401146720865644
exchange_chain,4,7.9,1,0.11893489321948637
exchange_chain,4,7.9,2,0.13040506112625536
exchange_chain,4,7.9,3,0.5966485784455988
exchange_chain,4,7.95,0,0.16707384466118413
exchange_chain,4,7.95,1,0.09445390287915845
exchange_chain,4,7.95,2,0.11448506875045497
exchange_chain,4,7.95,3,0.6239871837091989
exchange_chain,4,8.0,0,0.17908435898959796
exchange_chain,4,8.0,1,0.07302717571999741
exchange_chain,4,8.0,2,0.0978965893106516
exchange_chain,4,8.0,3,0.6499918759797495
exchange_chain,6,0.0,0,1.0
exchange_chain,6,0.0,1,0.0
exchange_chain,6,0.0,2,0.0
exchange_chain,6,0.0,3,0.0
exchange_chain,6,0.0,4,0.0
exchange_chain,6,0.0,5,0.0
exchange_chain,6,0.05,0,0.997502602648139
exchange_chain,6,0.05,1,0.0024958363702260846
exchange_chain,6,0.05,2,1.5605479732746619e-06
exchange_chain,6,0.05,3,4.3359394370251556e-10
exchange_chain,6,0.05,4,6.774197605119382e-14
exchange_chain,6,0.05,5,3.388824222109132e-18
exchange_chain,6,0.1,0,0.9900415695901252
exchange_chain,6,0.1,1,0.009933527444826042
exchange_chain,6,0.1,2,2.4875280868331287e-05
exchange_chain,6,0.1,3,2.7666870079697555e-08
exchange_chain,6,0.1,4,1.730324353018293e-11
exchange_chain,6,0.1,5,6.850144529184636e-15
exchange_chain,6,0.15000000000000002,0,0.977709833806879
exchange_chain,6,0.15000000000000002,1,0.022164706322765362
exchange_chain,6,0.15000000000000002,2,0.00012514585802604752
exchange_chain,6,0.15000000000000002,3,3.135703108469846e-07
exchange_chain,6,0.15000000000000002,4,4.416205747207387e-10
exchange_chain,6,0.15000000000000002,5,3.98385419487007e-13
exchange_chain,6,0.2,0,0.9606604816218163
exchange_chain,6,0.2,1,0.03894569283426777
exchange_chain,6,0.2,2,0.00039207161033656424
exchange_chain,6,0.2,3,1.7495409935443748e-06
exchange_chain,6,0.2,4,4.38554230951443e-09
exchange_chain,6,0.2,5,7.0437497939129415e-12
exchange_chain,6,0.25,0,0.9391040893465943
exchange_chain,6,0.25,1,0.05994280011901711
exchange_chain,6,0.25,2,0.0009464704538449328
exchange_chain,6,0.25,3,6.614071051225446e-06
exchange_chain,6,0.25,4,2.594424348201184e-08
exchange_chain,6,0.25,5,6.524871931968235e-11
exchange_chain,6,0.30000000000000004,0,0.9133050728536152
exchange_chain,6,0.30000000000000004,1,0.08473958538686163
exchange_chain,6,0.30000000000000004,2,0.0019356979150015594
exchange_chain,6,0.30000000000000004,3,1.9532907980703355e-05
exchange_chain,6,0.30000000000000004,4,1.1053517739072617e-07
exchange_chain,6,0.30000000000000004,5,4.0136376311193726e-10
exchange_chain,6,0.35000000000000003,0,0.8835771261346257
exchange_chain,6,0.35000000000000003,1,0.11284587192435931
exchange_chain,6,0.35000000000000003,2,0.0035280085228710416
exchange_chain,6,0.35000000000000003,3,4.861627847214661e-05
exchange_chain,6,0.35000000000000003,4,3.752791253153626e-07
exchange_chain,6,0.35000000000000003,5,1.8605465785869524e-09
exchange_chain,6,0.4,0,0.8502778435432722
exchange_chain,6,0.4,1,0.14370832770637446
exchange_chain,6,0.4,2,0.005906037383722102
exchange_chain,6,0.4,3,0.00010670581453486628
exchange_chain,6,0.4,4,1.078542791874094e-06
exchange_chain,6,0.4,5,7.009305354784885e-09
exchange_chain,6,0.45,0,0.8138026368470936
exchange_chain,6,0.45,1,0.17672234975854098
exchange_chain,6,0.45,2,0.009259607895226625
exchange_chain,6,0.45,3,0.00021265480519139796
exchange_chain,6,0.45,4,2.72816220672017e-06
exchange_chain,6,0.45,5,2.2531741061551773e-08
exchange_chain,6,0.5,0,0.774578072056954
exchange_chain,6,0.5,1,0.2112449736029577
exchange_chain,6,0.5,2,0.013778093423969042
exchange_chain,6,0.5,3,0.0003925596042297766
exchange_chain,6,0.5,4,6.237420414270892e-06
exchange_chain,6,0.5,5,6.389147533130918e-08
exchange_chain,6,0.55,0,0.7330547619504062
exchange_chain,6,0.55,1,0.24660850444243074
exchange_chain,6,0.55,2,0.019642575695335722
exchange_chain,6,0.55,3,0.0006808577395081747
exchange_chain,6,0.55,4,1.3136520544752022e-05
exchange_chain,6,0.55,5,1.6365177420095414e-07
exchange_chain,6,0.6000000000000001,0,0.6896999580238061
exchange_chain,6,0.6000000000000001,1,0.28213455174240065
exchange_chain,6,0.6000000000000001,2,0.027018050174879592
exchange_chain,6,0.6000000000000001,3,0.0011212096457819715
exchange_chain,6,0.6000000000000001,4,2.584508222639722e-05
exchange_chain,6,0.6000000000000001,5,3.8533090519081897e-07
exchange_chain,6,0.65,0,0.6449899901384869
exchange_chain,6,0.65,1,0.31714814189280793
exchange_chain,6,0.65,2,0.036045928625712015
exchange_chain,6,0.65,3,0.0017670859965053605
exchange_chain,6,0.65,4,4.800814986984386e-05
exchange_chain,6,0.65,5,8.451966182919907e-07
exchange_chain,6,0.7000000000000001,0,0.5994027032931688
exchange_chain,6,0.7000000000000001,1,0.35099158479886367
exchange_chain,6,0.7000000000000001,2,0.04683708131002029
exchange_chain,6,0.7000000000000001,3,0.002681991216355099
exchange_chain,6,0.7000000000000001,4,8.489443793028969e-05
exchange_chain,6,0.7000000000000001,5,1.7449436620920754e-06
exchange_chain,6,0.75,0,0.5534100387654923
exchange_chain,6,0.75,1,0.38303777946796896
exchange_chain,6,0.75,2,0.05946564619848012
exchange_chain,6,0.75,3,0.003939265654551233
exchange_chain,6,0.75,4,0.00014385119783305226
exchange_chain,6,0.75,5,3.418715673970774e-06
exchange_chain,6,0.8,0,0.5074709014099725
exchange_chain,6,0.8,1,0.4127026606253219
exchange_chain,6,0.8,2,0.07396381051712267
exchange_chain,6,0.8,3,0.005621423700276698
exchange_chain,6,0.8,4,0.0002348053605193586
exchange_chain,6,0.8,5,6.3983867870202424e-06
exchange_chain,6,0.8500000000000001,0,0.46202444634699674
exchange_chain,6,0.8500000000000001,1,0.4394565125957644
exchange_chain,6,0.8500000000000001,2,0.09031774166471443
exchange_chain,6,0.8500000000000001,3,0.007819002320842292
exchange_chain,6,0.8500000000000001,4,0.00037079570693837735
exchange_chain,6,0.8500000000000001,5,1.1501364743989478e-05
exchange_chain,6,0.9,0,0.4174839068712106
exchange_chain,6,0.9,1,0.46283390743935693
exchange_chain,6,0.9,2,0.10846481083137954
exchange_chain,6,0.9,3,0.010628913497321901
exchange_chain,6,0.9,4,0.000568515989815028
exchange_chain,6,0.9,5,1.9945370915833214e-05
exchange_chain,6,0.9500000000000001,0,0.3742310714585
exchange_chain,6,0.9500000000000001,1,0.48244206076116636
exchange_chain,6,0.9500000000000001,2,0.12829221455989198
exchange_chain,6,0.9500000000000001,3,0.014152314139769459
exchange_chain,6,0.9500000000000001,4,0.0008488444314078977
exchange_chain,6,0.9500000000000001,5,3.349464926419971e-05
exchange_chain,6,1.0,0,0.3326115016281325
exchange_chain,6,1.0,1,0.4979674397277349
exchange_chain,6,1.0,2,0.1496370581646938
exchange_chain,6,1.0,3,0.01849202754901977
exchange_chain,6,1.0,4,0.0012373311148969278
exchange_chain,6,1.0,5,5.4641815521900384e-05
exchange_chain,6,1.05,0,0.2929305645382232
exchange_chain,6,1.05,1,0.5091805024960805
exchange_chain,6,1.05,2,0.17228792160582884
exchange_chain,6,1.05,3,0.023749570589930408
exchange_chain,6,1.05,4,0.0017646117245815494
exchange_chain,6,1.05,5,8.682904535533856e-05
exchange_chain,6,1.1,0,0.2554503350133977
exchange_chain,6,1.1,1,0.5159384952962789
exchange_chain,6,1.1,2,0.19598788440877518
exchange_chain,6,1.1,3,0.030021859685526703
exchange_chain,6,1.1,4,0.002466714105803856
exchange_chain,6,1.1,5,0.00013471149021746873
exchange_chain,6,1.1500000000000001,0,0.22038740170316728
exchange_chain,6,1.1500000000000001,1,0.5181862815577073
exchange_chain,6,1.1500000000000001,2,0.2204389428475092
exchange_chain,6,1.1500000000000001,3,0.037397685792342344
exchange_chain,6,1.1500000000000001,4,0.003385223412332181
exchange_chain,6,1.1500000000000001,5,0.00020446468694124278
exchange_chain,6,1.2000000000000002,0,0.1879115917402302
exchange_chain,6,1.2000000000000002,1,0.5159552254700496
exchange_chain,6,1.2000000000000002,2,0.24530771116549555
exchange_chain,6,1.2000000000000002,3,0.045954062986145565
exchange_chain,6,1.2000000000000002,4,0.004567272348709031
exchange_chain,6,1.2000000000000002,5,0.0003041362893691328
exchange_chain,6,1.25,0,0.15814560810118966
exchange_chain,6,1.25,1,0.5093601989821437
exchange_chain,6,1.25,2,0.27023226033425335
exchange_chain,6,1.25,3,0.05575256656379182
exchange_chain,6,1.25,4,0.00606532530954567
exchange_chain,6,1.25,5,0.0004440407090759633
exchange_chain,6,1.3,0,0.13116555434647903
exchange_chain,6,1.3,1,0.4985948252780834
exchange_chain,6,1.3,2,0.29482991387909185
exchange_chain,6,1.3,3,0.06683578414113234
exchange_chain,6,1.3,4,0.007936729121073367
exchange_chain,6,1.3,5,0.0006371932341401142
exchange_chain,6,1.35,0,0.10700230298472249
exchange_chain,6,1.35,1,0.48392511213024236
exchange_chain,6,1.35,2,0.3187057916405365
exchange_chain,6,1.35,3,0.07922400670892224
exchange_chain,6,1.35,4,0.010243008593514805
exchange_chain,6,1.35,5,0.0008997779420616508
exchange_chain,6,1.4000000000000001,0,0.08564364678594613
exchange_chain,6,1.4000000000000001,1,0.4656816642278475
exchange_chain,6,1.4000000000000001,2,0.34146186982855026
exchange_chain,6,1.4000000000000001,3,0.09291228574439203
exchange_chain,6,1.4000000000000001,4,0.013048892120683667
exchange_chain,6,1.4000000000000001,5,0.0012516412925797217
exchange_chain,6,1.4500000000000002,0,0.06703715732809598
exchange_chain,6,1.4500000000000002,1,0.44425069377264664
exchange_chain,6,1.4500000000000002,2,0.3627063100173852
exchange_chain,6,1.4500000000000002,3,0.10786797715857602
exchange_chain,6,1.4500000000000002,4,0.016421060973258038
exchange_chain,6,1.4500000000000002,5,0.0017168007500371202
exchange_chain,6,1.5,0,0.051093662216918814
exchange_chain,6,1.5,1,0.42006407263708057
exchange_chain,6,1.5,2,0.3820628012671745
exchange_chain,6,1.5,3,0.12402888313478452
exchange_chain,6,1.5,4,0.020426625516495007
exchange_chain,6,1.5,5,0.002323955227546573
exchange_chain,6,1.55,0,0.03769124202295012
exchange_chain,6,1.55,1,0.3935886866900257
exchange_chain,6,1.55,2,0.399179658569943
exchange_chain,6,1.55,3,0.14130208898239477
exchange_chain,6,1.55,4,0.02513134207290312
exchange_chain,6,1.55,5,0.003106981661783084
exchange_chain,6,1.6,0,0.026679640215967422
exchange_chain,6,1.6,1,0.36531536319451735
exchange_chain,6,1.6,2,0.4137384273029734
exchange_chain,6,1.6,3,0.1595635743431581
exchange_chain,6,1.6,4,0.030597595222446608
exchange_chain,6,1.6,5,0.004105399720935992
exchange_chain,6,1.6500000000000001,0,0.017884974360760933
exchange_chain,6,1.6500000000000001,1,0.33574764534938534
exchange_chain,6,1.6500000000000001,2,0.425461757107623
exchange_chain,6,1.6500000000000001,3,0.17865865693602204
exchange_chain,6,1.6500000000000001,4,0.036882181619128734
exchange_chain,6,1.6500000000000001,5,0.0053647846270784005
exchange_chain,6,1.7000000000000002,0,0.01111463461009016
exchange_chain,6,1.7000000000000002,1,0.30539068415541376
exchange_chain,6,1.7000000000000002,2,0.4341203291569112
exchange_chain,6,1.7000000000000002,3,0.198403303129121
exchange_chain,6,1.7000000000000002,4,0.044033942501546935
exchange_chain,6,1.7000000000000002,5,0.006937106446916303
exchange_chain,6,1.75,0,0.006162256061087612
exchange_chain,6,1.75,1,0.27474050709871145
exchange_chain,6,1.75,2,0.439538647489114
exchange_chain,6,1.75,3,0.21858631370977327
exchange_chain,6,1.75,4,0.052091302563791075
exchange_chain,6,1.75,5,0.008880973077521823
exchange_chain,6,1.8,0,0.0028126547307902347
exchange_chain,6,1.8,1,0.24427390609995087
exchange_chain,6,1.8,2,0.4415995371451574
exchange_chain,6,1.8,3,0.23897236609571473
exchange_chain,6,1.8,4,0.061079782303248197
exchange_chain,6,1.8,5,0.011261753625137535
exchange_chain,6,1.85,0,0.0008466225906038238
exchange_chain,6,1.85,1,0.21443916438133254
exchange_chain,6,1.85,2,0.44024722827812096
exchange_chain,6,1.85,3,0.2593058667630731
exchange_chain,6,1.85,4,0.07100955895384801
exchange_chain,6,1.85,5,0.014151559033020929
exchange_chain,6,1.9000000000000001,0,4.548505508157629e-05
exchange_chain,6,1.9000000000000001,1,0.18564781409976822
exchange_chain,6,1.9000000000000001,2,0.4354889451030219
exchange_chain,6,1.9000000000000001,3,0.2793155407592119
exchange_chain,6,1.9000000000000001,4,0.08187315725210367
exchange_chain,6,1.9000000000000001,5,0.01762905773081168
exchange_chain,6,1.9500000000000002,0,0.00019533427258334367
exchange_chain,6,1.9500000000000002,1,0.1582675846501831
exchange_chain,6,1.9500000000000002,2,0.42739496033410507
exchange_chain,6,1.9500000000000002,3,0.2987196597230233
exchange_chain,6,1.9500000000000002,4,0.09364335521408038
exchange_chain,6,1.9500000000000002,5,0.021779105806023602
exchange_chain,6,2.0,0,0.0010908631964461574
exchange_chain,6,2.0,1,0.13261666641504433
exchange_chain,6,2.0,2,0.41609711837205543
exchange_chain,6,2.0,3,0.31723178672394114
exchange_chain,6,2.0,4,0.10627139152408449
exchange_chain,6,2.0,5,0.02669217376842714
exchange_chain,6,2.0500000000000003,0,0.002538738374238879
exchange_chain,6,2.0500000000000003,1,0.10895937744709663
exchange_chain,6,2.0500000000000003,2,0.40178587269723565
exchange_chain,6,2.0500000000000003,3,0.334566896267548
exchange_chain,6,2.0500000000000003,4,0.11968555981853983
exchange_chain,6,2.0500000000000003,5,0.0324635553953397
exchange_chain,6,2.1,0,0.004360463305408714
exchange_chain,6,2.1,1,0.08750328217756555
exchange_chain,6,2.1,2,0.38470592346323107
exchange_chain,6,2.1,3,0.35044771172706946
exchange_chain,6,2.1,4,0.1337902709390869
exchange_chain,6,2.1,5,0.03919234838763734
exchange_chain,6,2.15,0,0.006394698697726246
exchange_chain,6,2.15,1,0.06839777280109793
exchange_chain,6,2.15,2,0.36515057899453784
exchange_chain,6,2.15,3,0.3646110908607939
exchange_chain,6,2.15,4,0.14846565706452022
exchange_chain,6,2.15,5,0.046980201581322836
exchange_chain,6,2.2,0,0.008499020612240714
exchange_chain,6,2.2,1,0.05173408653437483
exchange_chain,6,2.2,2,0.34345499869616436
exchange_chain,6,2.2,3,0.37681428344553947
exchange_chain,6,2.2,4,0.16356778154460325
exchange_chain,6,2.2,5,0.05592982916707644
exchange_chain,6,2.25,0,0.010551111945571505
exchange_chain,6,2.25,1,0.03754669645586899
exchange_chain,6,2.25,2,0.3199885038319975
exchange_chain,6,2.25,3,0.38684088372302017
exchange_chain,6,2.25,4,0.17892950538251218
exchange_chain,6,2.25,5,0.06614329866102821
exchange_chain,6,2.3000000000000003,0,0.012449396596583569
exchange_chain,6,2.3000000000000003,1,0.02581598100672463
exchange_chain,6,2.3000000000000003,2,0.29514616592942333
exchange_chain,6,2.3000000000000003,3,0.3945063044808535
exchange_chain,6,2.3000000000000003,4,0.19436204587897477
exchange_chain,6,2.3000000000000003,5,0.07772010610743905
exchange_chain,6,2.35,0,0.014113138668896236
exchange_chain,6,2.35,1,0.01647204825994182
exchange_chain,6,2.35,2,0.2693398996042718
exchange_chain,6,2.35,3,0.3996626091605842
exchange_chain,6,2.35,4,0.2096572452895174
exchange_chain,6,2.35,5,0.09075505901678745
exchange_chain,6,2.4000000000000004,0,0.015482040874287738
exchange_chain,6,2.4000000000000004,1,0.009399566415421839
exchange_chain,6,2.4000000000000004,2,0.24298929695212346
exchange_chain,6,2.4000000000000004,3,0.4022025532128799
exchange_chain,6,2.4000000000000004,4,0.22459054787682778
exchange_chain,6,2.4000000000000004,5,0.10533599466845756
exchange_chain,6,2.45,0,0.016515386670618297
exchange_chain,6,2.45,1,0.004443432180442437
exchange_chain,6,2.45,2,0.21651244410446344
exchange_chain,6,2.45,3,0.4020627056434811
exchange_chain,6,2.45,4,0.23892466296454795
exchange_chain,6,2.45,5,0.121541368436446
exchange_chain,6,2.5,0,0.017190779385428286
exchange_chain,6,2.5,1,0.0014150941259540525
exchange_chain,6,2.5,2,0.1903169570960941
exchange_chain,6,2.5,3,0.3992255457873586
exchange_chain,6,2.5,4,0.25241387008695737
exchange_chain,6,2.5,5,0.13943775351820703
exchange_chain,6,2.5500000000000003,0,0.01750253848906661
exchange_chain,6,2.5500000000000003,1,9.933898789331266e-05
exchange_chain,6,2.5500000000000003,2,0.16479146403628847
exchange_chain,6,2.5500000000000003,3,0.39372045813831
exchange_chain,6,2.5500000000000003,4,0.2648089007043967
exchange_chain,6,2.5500000000000003,5,0.15907729964404327
exchange_chain,6,2.6,0,0.017459818189770795
exchange_chain,6,2.6,1,0.00026134526877623506
exchange_chain,6,2.6,2,0.14029774412188106
exchange_chain,6,2.6,3,0.38562357874290354
exchange_chain,6,2.6,4,0.2758623098759112
exchange_chain,6,2.6,5,0.18049520380075598
exchange_chain,6,2.6500000000000004,0,0.017084516583654973
exchange_chain,6,2.6500000000000004,1,0.0016538102904847148
exchange_chain,6,2.6500000000000004,2,0.11716371186158539
exchange_chain,6,2.6500000000000004,3,0.375056479331523
exchange_chain,6,2.6500000000000004,4,0.2853342314234837
exchange_chain,6,2.6500000000000004,5,0.2037072505092674
exchange_chain,6,2.7,0,0.0164090447155684
exchange_chain,6,2.7,1,0.004023963806971068
exchange_chain,6,2.7,2,0.09567740774675221
exchange_chain,6,2.7,3,0.3621837090179608
exchange_chain,6,2.7,4,0.2929983921567392
exchange_chain,6,2.7,5,0.2287074825560067
exchange_chain,6,2.75,0,0.01547402415495992
exchange_chain,6,2.75,1,0.007120293020100849
exchange_chain,6,2.75,2,0.07608212539267566
exchange_chain,6,2.75,3,0.34720924701807965
exchange_chain,6,2.75,4,0.2986482452971819
exchange_chain,6,2.75,5,0.2554660651170011
exchange_chain,6,2.8000000000000003,0,0.014325979175342838
exchange_chain,6,2.8000000000000003,1,0.010698819844796788
exchange_chain,6,2.8000000000000003,2,0.05857277088392385
exchange_chain,6,2.8000000000000003,3,0.33037195236848205
exchange_chain,6,2.8000000000000003,4,0.3021030709436413
exchange_chain,6,2.8000000000000003,5,0.283927406783811
exchange_chain,6,2.85,0,0.013015085501247862
exchange_chain,6,2.85,1,0.01452879092858017
exchange_chain,6,2.85,2,0.043293513761683444
exchange_chain,6,2.85,3,0.31194012703801843
exchange_chain,6,2.85,4,0.3032138827840506
exchange_chain,6,2.85,5,0.31400859998641895
exchange_chain,6,2.9000000000000004,0,0.01159303204457479
exchange_chain,6,2.9000000000000004,1,0.018397663549924698
exchange_chain,6,2.9000000000000004,2,0.0303367519082463
exchange_chain,6,2.9000000000000004,3,0.29220533614030947
exchange_chain,6,2.9000000000000004,4,0.3018689757242448
exchange_chain,6,2.9000000000000004,5,0.3455982406326987
exchange_chain,6,2.95,0,0.010111045315507543
exchange_chain,6,2.95,1,0.022115295343970477
exchange_chain,6,2.95,2,0.01974337563874293
exchange_chain,6,2.95,3,0.27147565228063797
exchange_chain,6,2.95,4,0.29799894900888024
exchange_chain,6,2.95,5,0.37855568241225934
exchange_chain,6,3.0,0,0.008618118506908856
exchange_chain,6,3.0,1,0.025517272041342447
exchange_chain,6,3.0,2,0.011504280700771922
exchange_chain,6,3.0,3,0.25006850962548377
exchange_chain,6,3.0,4,0.2915810439707815
exchange_chain,6,3.0,5,0.4127107751547098
exchange_chain,6,3.0500000000000003,0,0.007159478875923881
exchange_chain,6,3.0500000000000003,1,0.028467334253112795
exchange_chain,6,3.0500000000000003,2,0.00556304664561431
exchange_chain,6,3.0500000000000003,3,0.22830336642761842
exchange_chain,6,3.0500000000000003,4,0.28264264485092067
exchange_chain,6,3.0500000000000003,5,0.4478641289468084
exchange_chain,6,3.1,0,0.0057753182497157435
exchange_chain,6,3.1,1,0.0308588910017931
exchange_chain,6,3.1,2,0.0018196671146327066
exchange_chain,6,3.1,3,0.20649438199613904
exchange_chain,6,3.1,4,0.2712638051321239
exchange_chain,6,3.1,5,0.48378793650559404
exchange_chain,6,3.1500000000000004,0,0.004499802530405798
exchange_chain,6,3.1500000000000004,1,0.03261563342995152
exchange_chain,6,3.1500000000000004,2,0.00013519280551973066
exchange_chain,6,3.1500000000000004,3,0.1849433151704279
exchange_chain,6,3.1500000000000004,4,0.25757868033473463
exchange_chain,6,3.1500000000000004,5,0.5202273757289606
exchange_chain,6,3.2,0,0.00336036722528366
exchange_chain,6,3.2,1,0.033691286216711046
exchange_chain,6,3.2,2,0.00033712692531693374
exchange_chain,6,3.2,3,0.1639328461320113
exchange_chain,6,3.2,4,0.24177577090066935
exchange_chain,6,3.2,5,0.5569026026000068
exchange_chain,6,3.25,0,0.0023772975245704145
exchange_chain,6,3.25,1,0.0340685560759344
exchange_chain,6,3.25,2,0.0022253973177359864
exchange_chain,6,3.25,3,0.14372051195736724
exchange_chain,6,3.25,4,0.22409690517712585
exchange_chain,6,3.25,5,0.5935113319472656
exchange_chain,6,3.3000000000000003,0,0.00156358351080426
exchange_chain,6,3.3000000000000003,1,0.03375735576786649
exchange_chain,6,3.3000000000000003,2,0.005578719511870014
exchange_chain,6,3.3000000000000003,3,0.12453342896254255
exchange_chain,6,3.3000000000000003,4,0.20483492201011796
exchange_chain,6,3.3000000000000003,5,0.6297319902367982
exchange_chain,6,3.35,0,0.0009250339044322622
exchange_chain,6,3.35,1,0.032792397902399774
exchange_chain,6,3.35,2,0.010161160834497994
exchange_chain,6,3.35,3,0.10656395209077524
exchange_chain,6,3.35,4,0.18433004436599382
exchange_chain,6,3.35,5,0.6652274109018999
exchange_chain,6,3.4000000000000004,0,0.0004606254906927466
exchange_chain,6,3.4000000000000004,1,0.031230265134125378
exchange_chain,6,3.4000000000000004,2,0.01572871742950581
exchange_chain,6,3.4000000000000004,3,0.0899663939970801
exchange_chain,6,3.4000000000000004,4,0.16296496891572793
exchange_chain,6,3.4000000000000004,5,0.6996490290328679
exchange_chain,6,3.45,0,0.00016306015982544268
exchange_chain,6,3.45,1,0.02914607195289828
exchange_chain,6,3.45,2,0.022035723324753606
exchange_chain,6,3.45,3,0.07485489489649096
exchange_chain,6,3.45,4,0.14115873076700508
exchange_chain,6,3.45,5,0.7326415188990264
exchange_chain,6,3.5,0,1.9497415372289986e-05
exchange_chain,6,3.5,1,0.026629838084588686
exchange_chain,6,3.5,2,0.028840923196692805
exchange_chain,6,3.5,3,0.06130249960652216
exchange_chain,6,3.5,4,0.11935943658658127
exchange_chain,6,3.5,5,0.7638478051102426
exchange_chain,6,3.5500000000000003,0,1.2427315274912261e-05
exchange_chain,6,3.5500000000000003,1,0.023782694578493965
exchange_chain,6,3.5500000000000003,2,0.03591305766776638
exchange_chain,6,3.5500000000000003,3,0.0493414615760259
exchange_chain,6,3.5500000000000003,4,0.09803599226815068
exchange_chain,6,3.5500000000000003,5,0.7929143665942879
exchange_chain,6,3.6,0,0.0001206471215397122
exchange_chain,6,3.6,1,0.020713041125693957
exchange_chain,6,3.6,2,0.04303583115680442
exchange_chain,6,3.6,3,0.038964756172047324
exchange_chain,6,3.6,4,0.07766898211846397
exchange_chain,6,3.6,5,0.8194967423054502
exchange_chain,6,3.6500000000000004,0,0.00032030442411021883
exchange_chain,6,3.6500000000000004,1,0.017532767283942475
exchange_chain,6,3.6500000000000004,2,0.050012156702193805
exchange_chain,6,3.6500000000000004,3,0.030128748252485897
exchange_chain,6,3.6500000000000004,4,0.0587408843354215
exchange_chain,6,3.6500000000000004,5,0.8432651390018444
exchange_chain,6,3.7,0,0.000585970117332641
exchange_chain,6,3.7,1,0.014353641427306992
exchange_chain,6,3.7,2,0.05666759892135774
exchange_chain,6,3.7,3,0.022756923247155503
exchange_chain,6,3.7,4,0.04172583147181749
exchange_chain,6,3.7,5,0.8639100348150297
exchange_chain,6,3.75,0,0.0008917062567683457
exchange_chain,6,3.75,1,0.011283959816156437
exchange_chain,6,3.75,2,0.06285296443341055
exchange_chain,6,3.75,3,0.016744557731272224
exchange_chain,6,3.75,4,0.02707914383620838
exchange_chain,6,3.75,5,0.8811476679261843
exchange_chain,6,3.8000000000000003,0,0.001212096397775851
exchange_chain,6,3.8000000000000003,1,0.008425534678030413
exchange_chain,6,3.8000000000000003,2,0.06844601770691486
exchange_chain,6,3.8000000000000003,3,0.011964175862106624
exchange_chain,6,3.8000000000000003,4,0.015226877705176493
exchange_chain,6,3.8000000000000003,5,0.8947252976499949
exchange_chain,6,3.85,0,0.0015232093814937855
exchange_chain,6,3.85,1,0.0058710851266099776
exchange_chain,6,3.85,2,0.07335232846162971
exchange_chain,6,3.85,3,0.008271613016644414
exchange_chain,6,3.85,4,0.00655563826647394
exchange_chain,6,3.85,5,0.9044261257471471
exchange_chain,6,3.9000000000000004,0,0.0018034715388440276
exchange_chain,6,3.9000000000000004,1,0.003702078671931801
exchange_chain,6,3.9000000000000004,2,0.07750528355106925
exchange_chain,6,3.9000000000000004,3,0.00551248833653825
exchange_chain,6,3.9000000000000004,4,0.0014029089870064861
exchange_chain,6,3.9000000000000004,5,0.9100737689146094
exchange_chain,6,3.95,0,0.0020344267683797502
exchange_chain,6,3.95,1,0.0019870545421697377
exchange_chain,6,3.95,2,0.08086532084812337
exchange_chain,6,3.95,3,0.003528874315898549
exchange_chain,6,3.95,4,4.814437430198992e-05
exchange_chain,6,3.95,5,0.9115361791511266
exchange_chain,6,4.0,0,0.002201368743588351
exchange_chain,6,4.0,1,0.0007804435846097018
exchange_chain,6,4.0,2,0.08341846430940136
exchange_chain,6,4.0,3,0.0021659445337086397
exchange_chain,6,4.0,4,0.002704861820702605
exchange_chain,6,4.0,5,0.908728917007988
exchange_chain,6,4.05,0,0.0022938344542522485
exchange_chain,6,4.05,1,0.00012188364969921311
exchange_chain,6,4.05,2,0.08517425748227249
exchange_chain,6,4.05,3,0.0012783804120555086
exchange_chain,6,4.05,4,0.009513950512045042
exchange_chain,6,4.05,5,0.9016176934896747
exchange_chain,6,4.1000000000000005,0,0.00230595322467087
exchange_chain,6,4.1000000000000005,1,3.601455086477842e-05
exchange_chain,6,4.1000000000000005,2,0.08616320675374509
exchange_chain,6,4.1000000000000005,3,0.0007363245397707804
exchange_chain,6,4.1000000000000005,4,0.020538391553844754
exchange_chain,6,4.1000000000000005,5,0.8902201093771037
exchange_chain,6,4.15,0,0.0022366501291277248
exchange_chain,6,4.15,1,0.0005327233395785106
exchange_chain,6,4.15,2,0.0864338552829869
exchange_chain,6,4.15,3,0.0004306814902062538
exchange_chain,6,4.15,4,0.03575955400090741
exchange_chain,6,4.15,5,0.8746065357571922
exchange_chain,6,4.2,0,0.0020897072062729376
exchange_chain,6,4.2,1,0.0016077990763440817
exchange_chain,6,4.2,2,0.08604961362727157
exchange_chain,6,4.2,3,0.0002775868220171345
exchange_chain,6,4.2,4,0.055075197019857025
exchange_chain,6,4.2,5,0.8549000962482379
exchange_chain,6,4.25,0,0.0018736899411926694
exchange_chain,6,4.25,1,0.003243946773581372
exchange_chain,6,4.25,2,0.0850854735426386
exchange_chain,6,4.25,3,0.00022189052152283932
exchange_chain,6,4.25,4,0.07829926976864829
exchange_chain,6,4.25,5,0.8312757294524151
exchange_chain,6,4.3,0,0.0016017500393611587
exchange_chain,6,4.3,1,0.005412102913716761
exchange_chain,6,4.3,2,0.08362472745185545
exchange_chain,6,4.3,3,0.00023953177702342344
exchange_chain,6,4.3,4,0.10516355867479532
exchange_chain,6,4.3,5,0.8039583291432479
exchange_chain,6,4.3500000000000005,0,0.001291318485099868
exchange_chain,6,4.3500000000000005,1,0.008072989999061825
exchange_chain,6,4.3500000000000005,2,0.08175580790993744
exchange_chain,6,4.3500000000000005,3,0.0003387167576715634
exchange_chain,6,4.3500000000000005,4,0.13532118767486248
exchange_chain,6,4.3500000000000005,5,0.7732199791733654
exchange_chain,6,4.4,0,0.0009637052068818422
exchange_chain,6,4.4,1,0.01117884498050801
exchange_chain,6,4.4,2,0.07956934948619263
exchange_chain,6,4.4,3,0.0005598489536742459
exchange_chain,6,4.4,4,0.16835193176295427
exchange_chain,6,4.4,5,0.739376319609789
exchange_chain,6,4.45,0,0.0006436233343523616
exchange_chain,6,4.45,1,0.014675256071314317
exchange_chain,6,4.45,2,0.07715556036667096
exchange_chain,6,4.45,3,0.0009742014665155835
exchange_chain,6,4.45,4,0.2037692590574423
exchange_chain,6,4.45,5,0.7027820997037038
exchange_chain,6,4.5,0,0.0003586570221768843
exchange_chain,6,4.5,1,0.018503044239345644
exchange_chain,6,4.5,2,0.07460197330729418
exchange_chain,6,4.5,3,0.0016813611934077422
exchange_chain,6,4.5,4,0.24102897272440824
exchange_chain,6,4.5,5,0.6638259915133657
exchange_chain,6,4.55,0,0.00013869215004789115
exchange_chain,6,4.55,1,0.022600129380303622
exchange_chain,6,4.55,2,0.0719916260565604
exchange_chain,6,4.55,3,0.002805514872042375
exchange_chain,6,4.55,4,0.27953928267069517
exchange_chain,6,4.55,5,0.6229247548703497
exchange_chain,6,4.6000000000000005,0,1.5328922668781974e-05
exchange_chain,6,4.6000000000000005,1,0.02690332654641115
exchange_chain,6,4.6000000000000005,2,0.06940170078795663
exchange_chain,6,4.6000000000000005,3,0.004490685189080093
exchange_chain,6,4.6000000000000005,4,0.3186720990699705
exchange_chain,6,4.6000000000000005,5,0.5805168594839119
exchange_chain,6,4.65,0,2.1294541614531056e-05
exchange_chain,6,4.65,1,0.031350024338063956
exchange_chain,6,4.65,2,0.06690263122790734
exchange_chain,6,4.65,3,0.006895060402576653
exchange_chain,6,4.65,4,0.35777530656386936
exchange_chain,6,4.65,5,0.5370556829259672
exchange_chain,6,4.7,0,0.00018987277034579678
exchange_chain,6,4.7,1,0.03587970532956325
exchange_chain,6,4.7,2,0.06455766582077277
exchange_chain,6,4.7,3,0.010184592061448013
exchange_chain,6,4.7,4,0.3961857503299775
exchange_chain,6,4.7,5,0.4930024136878902
exchange_chain,6,4.75,0,0.0005543654430572131
exchange_chain,6,4.75,1,0.04043527684795609
exchange_chain,6,4.75,2,0.06242285618955481
exchange_chain,6,4.75,3,0.014526061419026015
exchange_chain,6,4.75,4,0.43324264393542583
exchange_chain,6,4.75,5,0.4488187961649791
exchange_chain,6,4.800000000000001,0,0.0011475988637200851
exchange_chain,6,4.800000000000001,1,0.04496418920768529
exchange_chain,6,4.800000000000001,2,0.0605474230209546
exchange_chain,6,4.800000000000001,3,0.020079835177691543
exchange_chain,6,4.800000000000001,4,0.4683010946444751
exchange_chain,6,4.800000000000001,5,0.40495985908547205
exchange_chain,6,4.8500000000000005,0,0.0020014856940978767
exchange_chain,6,4.8500000000000005,1,0.04941932728546494
exchange_chain,6,4.8500000000000005,2,0.0589744369338948
exchange_chain,6,4.8500000000000005,3,0.026992544590200746
exchange_chain,6,4.8500000000000005,4,0.5007454350855303
exchange_chain,6,4.8500000000000005,5,0.3618667704108095
exchange_chain,6,4.9,0,0.0031466504297015165
exchange_chain,6,4.9,1,0.05375966978440136
exchange_chain,6,4.9,2,0.05774174038485794
exchange_chain,6,4.9,3,0.03538992820295885
exchange_chain,6,4.9,4,0.5300020511765571
exchange_chain,6,4.9,5,0.3199599600215215
exchange_chain,6,4.95,0,0.004612123999330783
exchange_chain,6,4.95,1,0.057950718402257025
exchange_chain,6,4.95,2,0.056883028603787536
exchange_chain,6,4.95,3,0.04537007739554447
exchange_chain,6,4.95,4,0.5555514050219863
exchange_chain,6,4.95,5,0.2796326465770927
exchange_chain,6,5.0,0,0.006425110480206445
exchange_chain,6,5.0,1,0.061964706146447904
exchange_chain,6,5.0,2,0.05642900318985964
exchange_chain,6,5.0,3,0.05699731531283715
exchange_chain,6,5.0,4,0.5769389679836424
exchange_chain,6,5.0,5,0.24124489688700512
exchange_chain,6,5.050000000000001,0,0.008610826472202737
exchange_chain,6,5.050000000000001,1,0.06578060003781788
exchange_chain,6,5.050000000000001,2,0.056408511435457144
exchange_chain,6,5.050000000000001,3,0.07029692399283707
exchange_chain,6,5.050000000000001,4,0.5937848029408258
exchange_chain,6,5.050000000000001,5,0.2051183351208578
exchange_chain,6,5.1000000000000005,0,0.01119241138688333
exchange_chain,6,5.1000000000000005,1,0.0693839182804109
exchange_chain,6,5.1000000000000005,2,0.05684958765411263
exchange_chain,6,5.1000000000000005,3,0.08525091187979186
exchange_chain,6,5.1000000000000005,4,0.6057915653387125
exchange_chain,6,5.1000000000000005,5,0.17153160546008786
exchange_chain,6,5.15,0,0.014190904834180644
exchange_chain,6,5.15,1,0.0727663855659203
exchange_chain,6,5.15,2,0.05778031958827045
exchange_chain,6,5.15,3,0.10179498510585105
exchange_chain,6,5.15,4,0.6127507292420835
exchange_chain,6,5.15,5,0.14071667566369306
exchange_chain,6,5.2,0,0.01762528547358124
exchange_chain,6,5.2,1,0.07592545250650963
exchange_chain,6,5.2,2,0.05922947305642044
exchange_chain,6,5.2,3,0.11981685174651302
exchange_chain,6,5.2,4,0.6145468863582837
exchange_chain,6,5.2,5,0.1128560508586911
exchange_chain,6,5.25,0,0.021512564166907604
exchange_chain,6,5.25,1,0.07886370628018968
exchange_chain,6,5.25,2,0.061226820936374104
exchange_chain,6,5.25,3,0.13915594969709766
exchange_chain,6,5.25,4,0.6111600118207549
exchange_chain,6,5.25,5,0.08808094709867476
exchange_chain,6,5.300000000000001,0,0.025867923043060632
exchange_chain,6,5.300000000000001,1,0.08158819951125998
exchange_chain,6,5.300000000000001,2,0.06380313783736725
exchange_chain,6,5.300000000000001,3,0.15960464701150612
exchange_chain,6,5.300000000000001,4,0.6026656392682281
exchange_chain,6,5.300000000000001,5,0.0664704533285766
exchange_chain,6,5.3500000000000005,0,0.030704891166386167
exchange_chain,6,5.3500000000000005,1,0.0841097233211088
exchange_chain,6,5.3500000000000005,2,0.066989838768726
exchange_chain,6,5.3500000000000005,3,0.1809109197295277
exchange_chain,6,5.3500000000000005,4,0.5892329381656636
exchange_chain,6,5.3500000000000005,5,0.048051688848586405
exchange_chain,6,5.4,0,0.036035546883951164
exchange_chain,6,5.4,1,0.08644204853518189
exchange_chain,6,5.4,2,0.07081825808566078
exchange_chain,6,5.4,3,0.20278246770336095
exchange_chain,6,5.4,4,0.5711207370913048
exchange_chain,6,5.4,5,0.032800941700539016
exchange_chain,6,5.45,0,0.04187073659798134
exchange_chain,6,5.45,1,0.08860115641099385
exchange_chain,6,5.45,2,0.07531858326517525
exchange_chain,6,5.45,3,0.2248921850561233
exchange_chain,6,5.45,4,0.5486715865440843
exchange_chain,6,5.45,5,0.02064575212564014
exchange_chain,6,5.5,0,0.048220299645570175
exchange_chain,6,5.5,1,0.09060447716827703
exchange_chain,6,5.5,2,0.08051847590837678
exchange_chain,6,5.5,3,0.24688485999250656
exchange_chain,6,5.5,4,0.5223040024115617
exchange_chain,6,5.5,5,0.011467884873706376
exchange_chain,6,5.550000000000001,0,0.05509328914052218
exchange_chain,6,5.550000000000001,1,0.09247015127175932
exchange_chain,6,5.550000000000001,2,0.08644142906689775
exchange_chain,6,5.550000000000001,3,0.2683849400106644
exchange_chain,6,5.550000000000001,4,0.49250307534080384
exchange_chain,6,5.550000000000001,5,0.005107115169351853
exchange_chain,6,5.6000000000000005,0,0.062498179010354565
exchange_chain,6,5.6000000000000005,1,0.09421632505273456
exchange_chain,6,5.6000000000000005,2,0.09310492487993141
exchange_chain,6,5.6000000000000005,3,0.2890051643209133
exchange_chain,6,5.6000000000000005,4,0.4598096707229662
exchange_chain,6,5.6000000000000005,5,0.0013657360130982753
exchange_chain,6,5.65,0,0.07044304801208295
exchange_chain,6,5.65,1,0.0958604890577835
exchange_chain,6,5.65,2,0.10051846898010966
exchange_chain,6,5.65,3,0.30835583652010945
exchange_chain,6,5.65,4,0.4248084778080565
exchange_chain,6,5.65,5,1.367962185683749e-05
exchange_chain,6,5.7,0,0.07893573220096146
exchange_chain,6,5.7,1,0.0974188646599223
exchange_chain,6,5.7,2,0.10868158766515298
exchange_chain,6,5.7,3,0.32605448820051125
exchange_chain,6,5.7,4,0.38811519373028236
exchange_chain,6,5.7,5,0.0007941335431685839
exchange_chain,6,5.75,0,0.08798393812655406
exchange_chain,6,5.75,1,0.09890584210731891
exchange_chain,6,5.75,2,0.11758188002932968
exchange_chain,6,5.75,3,0.3417356689011569
exchange_chain,6,5.75,4,0.35036314824117387
exchange_chain,6,5.75,5,0.0034295225944653684
exchange_chain,6,5.800000000000001,0,0.0975953099136906
exchange_chain,6,5.800000000000001,1,0.1003334714291496
exchange_chain,6,5.800000000000001,2,0.1271932198181126
exchange_chain,6,5.800000000000001,3,0.35506059014131197
exchange_chain,6,5.800000000000001,4,0.31218968720524887
exchange_chain,6,5.800000000000001,5,0.00762772149248422
exchange_chain,6,5.8500000000000005,0,0.10777744433017582
exchange_chain,6,5.8500000000000005,1,0.1017110065375712
exchange_chain,6,5.8500000000000005,2,0.1374742005583493
exchange_chain,6,5.8500000000000005,3,0.36572635148711735
exchange_chain,6,5.8500000000000005,4,0.2742226371063823
exchange_chain,6,5.8500000000000005,5,0.01308835998040294
exchange_chain,6,5.9,0,0.11853784893220204
exchange_chain,6,5.9,1,0.103044502485335
exchange_chain,6,5.9,2,0.14836691251131826
exchange_chain,6,5.9,3,0.3734744847373652
exchange_chain,6,5.9,4,0.2370671688527801
exchange_chain,6,5.9,5,0.019509082480999133
exchange_chain,6,5.95,0,0.12988383940177867
exchange_chain,6,5.95,1,0.10433646614154371
exchange_chain,6,5.95,2,0.1597961313246145
exchange_chain,6,5.95,3,0.3780985681791995
exchange_chain,6,5.95,4,0.20129336718268065
exchange_chain,6,5.95,5,0.026591627770182806
exchange_chain,6,6.0,0,0.14182237324338448
exchange_chain,6,6.0,1,0.1055855614709557
exchange_chain,6,6.0,2,0.17166898618493048
exchange_chain,6,6.0,3,0.3794506860351878
exchange_chain,6,6.0,4,0.16742479230349855
exchange_chain,6,6.0,5,0.03404760076204146
exchange_chain,6,6.050000000000001,0,0.1543598180900179
exchange_chain,6,6.050000000000001,1,0.10678637204219937
exchange_chain,6,6.050000000000001,2,0.18387516018986294
exchange_chain,6,6.050000000000001,3,0.37744653805650596
exchange_chain,6,6.050000000000001,4,0.13592829359002645
exchange_chain,6,6.050000000000001,5,0.04160381803138631
exchange_chain,6,6.1000000000000005,0,0.16750165398676964
exchange_chain,6,6.1000000000000005,1,0.10792922520901879
exchange_chain,6,6.1000000000000005,2,0.196287658070193
exchange_chain,6,6.1000000000000005,3,0.37206903986991585
exchange_chain,6,6.1000000000000005,4,0.1072053019569078
exchange_chain,6,6.1000000000000005,5,0.049007120907194494
exchange_chain,6,6.15,0,0.18125211018107862
exchange_chain,6,6.15,1,0.1090000844395353
exchange_chain,6,6.15,2,0.208764156909715
exchange_chain,6,6.15,3,0.36337029514101793
exchange_chain,6,6.15,4,0.08158478880913428
exchange_chain,6,6.15,5,0.05602856451951824
exchange_chain,6,6.2,0,0.1956137381627304
exchange_chain,6,6.2,1,0.10998051832439126
exchange_chain,6,6.2,2,0.22114893480949352
exchange_chain,6,6.2,3,0.3514718647106774
exchange_chain,6,6.2,4,0.05931803630654228
exchange_chain,6,6.2,5,0.062466907686163996
exchange_chain,6,6.25,0,0.2105869239733011
exchange_chain,6,6.25,1,0.11084775667745866
exchange_chain,6,6.25,2,0.23327535126254123
exchange_chain,6,6.25,3,0.33656330432361614
exchange_chain,6,6.25,4,0.0405753172122881
exchange_chain,6,6.25,5,0.06815134655079452
exchange_chain,6,6.300000000000001,0,0.22616934415223205
exchange_chain,6,6.300000000000001,1,0.11157484565325335
exchange_chain,6,6.300000000000001,2,0.2449688321058918
exchange_chain,6,6.300000000000001,3,0.31889899005446964
exchange_chain,6,6.300000000000001,4,0.0254445340702439
exchange_chain,6,6.300000000000001,5,0.07294345396390853
exchange_chain,6,6.3500000000000005,0,0.24235537110972766
exchange_chain,6,6.3500000000000005,1,0.11213091475307407
exchange_chain,6,6.3500000000000005,2,0.2560502920632411
exchange_chain,6,6.3500000000000005,3,0.2987932976722264
exchange_chain,6,6.3500000000000005,4,0.013931818158102568
exchange_chain,6,6.3500000000000005,5,0.07673830624362848
exchange_chain,6,6.4,0,0.2591354352146436
exchange_chain,6,6.4,1,0.11248156880596388
exchange_chain,6,6.4,2,0.2663399098197177
exchange_chain,6,6.4,3,0.2766142476039161
exchange_chain,6,6.4,4,0.00596403988891396
exchange_chain,6,6.4,5,0.07946479866684367
exchange_chain,6,6.45,0,0.2764953524513818
exchange_chain,6,6.45,1,0.11258941734827435
exchange_chain,6,6.45,2,0.2756611549653885
exchange_chain,6,6.45,3,0.2527757695482535
exchange_chain,6,6.45,4,0.0013931353566928543
exchange_chain,6,6.45,5,0.08108517033000748
exchange_chain,6,6.5,0,0.294415628118464
exchange_chain,6,6.5,1,0.11241475218109054
exchange_chain,6,6.5,2,0.2838449536128792
exchange_chain,6,6.5,3,0.22772877892521304
exchange_chain,6,6.5,4,2.1097554353275823e-06
exchange_chain,6,6.5,5,0.08159377740691665
exchange_chain,6,6.550000000000001,0,0.3128707486892459
exchange_chain,6,6.550000000000001,1,0.11191638119649139
exchange_chain,6,6.550000000000001,2,0.2907338705448246
exchange_chain,6,6.550000000000001,3,0.2019512901300381
exchange_chain,6,6.550000000000001,4,0.001512538567429565
exchange_chain,6,6.550000000000001,5,0.08101517087196927
exchange_chain,6,6.6000000000000005,0,0.33182847559924267
exchange_chain,6,6.6000000000000005,1,0.11105262281931694
exchange_chain,6,6.6000000000000005,2,0.29618618076809256
exchange_chain,6,6.6000000000000005,3,0.17593781805073044
exchange_chain,6,6.6000000000000005,4,0.005593352716199031
exchange_chain,6,6.6000000000000005,5,0.07940155004641686
exchange_chain,6,6.65,0,0.3512491563228173
exchange_chain,6,6.65,1,0.10978246065157718
exchange_chain,6,6.65,2,0.30007970260008054
exchange_chain,6,6.65,3,0.1501883387539557
exchange_chain,6,6.65,4,0.011870665163694102
exchange_chain,6,6.65,5,0.07682967650787378
exchange_chain,6,6.7,0,0.37108506960395377
exchange_chain,6,6.7,1,0.10806685222680848
exchange_chain,6,6.7,2,0.3023152680002673
exchange_chain,6,6.7,3,0.12519709210147795
exchange_chain,6,6.7,4,0.019938374382023234
exchange_chain,6,6.7,5,0.0733973436854686
exchange_chain,6,6.75,0,0.39127982305343756
exchange_chain,6,6.75,1,0.10587017932983214
exchange_chain,6,6.75,2,0.30281971375074457
exchange_chain,6,6.75,3,0.10144151300771277
exchange_chain,6,6.75,4,0.029369265241354123
exchange_chain,6,6.75,5,0.06921950561691728
exchange_chain,6,6.800000000000001,0,0.41176782245391164
exchange_chain,6,6.800000000000001,1,0.10316182031175715
exchange_chain,6,6.800000000000001,2,0.3015482890959734
exchange_chain,6,6.800000000000001,3,0.07937157400179994
exchange_chain,6,6.800000000000001,4,0.03972632042288547
exchange_chain,6,6.800000000000001,5,0.06442417371366971
exchange_chain,6,6.8500000000000005,0,0.43247383295701225
exchange_chain,6,6.8500000000000005,1,0.09991781747352557
exchange_chain,6,6.8500000000000005,2,0.29848639124259996
exchange_chain,6,6.8500000000000005,3,0.0593998098622914
exchange_chain,6,6.8500000000000005,4,0.05057395557930343
exchange_chain,6,6.8500000000000005,5,0.05914819288526571
exchange_chain,6,6.9,0,0.45331265284349004
exchange_chain,6,6.9,1,0.09612260518365948
exchange_chain,6,6.9,2,0.2936505592275612
exchange_chain,6,6.9,3,0.041892275725977465
exchange_chain,6,6.9,4,0.06148889901013646
exchange_chain,6,6.9,5,0.053533008009173905
exchange_chain,6,6.95,0,0.4741889205796443
exchange_chain,6,6.95,1,0.09177075724447728
exchange_chain,6,6.95,2,0.287088678498445
exchange_chain,6,6.95,3,0.027160663828191833
exchange_chain,6,6.95,4,0.07207045128165189
exchange_chain,6,6.95,5,0.04772052856758878
exchange_chain,6,7.0,0,0.49499707547736344
exchange_chain,6,7.0,1,0.08686870544982828
exchange_chain,6,7.0,2,0.27887937242347755
exchange_chain,6,7.0,3,0.01545577170189222
exchange_chain,6,7.0,4,0.08194988149782903
exchange_chain,6,7.0,5,0.0418491934496084
exchange_chain,6,7.050000000000001,0,0.5156214912938629
exchange_chain,6,7.050000000000001,1,0.08143637561472683
exchange_chain,6,7.050000000000001,2,0.26913058208886065
exchange_chain,6,7.050000000000001,3,0.006962477212030697
exchange_chain,6,7.050000000000001,4,0.09079874414602791
exchange_chain,6,7.050000000000001,5,0.03605032964448962
exchange_chain,6,7.1000000000000005,0,0.5359368005445189
exchange_chain,6,7.1000000000000005,1,0.0755086829229
exchange_chain,6,7.1000000000000005,2,0.25797736132321225
exchange_chain,6,7.1000000000000005,3,0.00179633433875444
exchange_chain,6,7.1000000000000005,4,0.09833593277271835
exchange_chain,6,7.1000000000000005,5,0.030444888097894803
exchange_chain,6,7.15,0,0.5558084251152493
exchange_chain,6,7.15,1,0.06913682553028572
exchange_chain,6,7.15,2,0.24557893906013
exchange_chain,6,7.15,3,1.8593659399052111e-06
exchange_chain,6,7.15,4,0.10433332323961678
exchange_chain,6,7.15,5,0.025140627688778047
exchange_chain,6,7.2,0,0.5750933259331701
exchange_chain,6,7.2,1,0.062389314244205914
exchange_chain,6,7.2,2,0.23211512505948545
exchange_chain,6,7.2,3,0.0015525313708872846
exchange_chain,6,7.2,4,0.10861989891954296
exchange_chain,6,7.2,5,0.02022980447270776
exchange_chain,6,7.25,0,0.5936409809879252
exchange_chain,6,7.25,1,0.05535267698547522
exchange_chain,6,7.25,2,0.21778215683547658
exchange_chain,6,7.25,3,0.006352484970453871
exchange_chain,6,7.25,4,0.11108429179790673
exchange_chain,6,7.25,5,0.015787408422761856
exchange_chain,6,7.300000000000001,0,0.6112945969139467
exchange_chain,6,7.300000000000001,1,0.048131779792018166
exchange_chain,6,7.300000000000001,2,0.2027881046228467
exchange_chain,6,7.300000000000001,3,0.014239828475671252
exchange_chain,6,7.300000000000001,4,0.11167571589845607
exchange_chain,6,7.300000000000001,5,0.011869974297059523
exchange_chain,6,7.3500000000000005,0,0.6278925546905623
exchange_chain,6,7.3500000000000005,1,0.04084971142786253
exchange_chain,6,7.3500000000000005,2,0.18734796667526452
exchange_chain,6,7.3500000000000005,3,0.024991478212342697
exchange_chain,6,7.3500000000000005,4,0.11040331159692304
exchange_chain,6,7.3500000000000005,5,0.008514977397044193
exchange_chain,6,7.4,0,0.6432700848596473
exchange_chain,6,7.4,1,0.0336471862355637
exchange_chain,6,7.4,2,0.17167859856386491
exchange_chain,6,7.4,3,0.03832936096700587
exchange_chain,6,7.4,4,0.10733396009919621
exchange_chain,6,7.4,5,0.0057408092747221725
exchange_chain,6,7.45,0,0.6572611620889927
exchange_chain,6,7.45,1,0.026681429647907
exchange_chain,6,7.45,2,0.1559936269911426
exchange_chain,6,7.45,3,0.05392780238546384
exchange_chain,6,7.45,4,0.1025886655781245
exchange_chain,6,7.45,5,0.0035473133083685406
exchange_chain,6,7.5,0,0.6697006030349466
exchange_chain,6,7.5,1,0.020124522608053818
exchange_chain,6,7.5,2,0.14049850066329272
exchange_chain,6,7.5,3,0.07142189060492585
exchange_chain,6,7.5,4,0.09633763721055286
exchange_chain,6,7.5,5,0.0019168458782260478
exchange_chain,6,7.550000000000001,0,0.6804263454110796
exchange_chain,6,7.550000000000001,1,0.01416119480592239
exchange_chain,6,7.550000000000001,2,0.12538582783773788
exchange_chain,6,7.550000000000001,3,0.09041658218540027
exchange_chain,6,7.550000000000001,4,0.08879423377425519
exchange_chain,6,7.550000000000001,5,0.0008158159856041555
exchange_chain,6,7.6000000000000005,0,0.6892818800987747
exchange_chain,6,7.6000000000000005,1,0.008986071813442506
exchange_chain,6,7.6000000000000005,2,0.1108311423108518
exchange_chain,6,7.6000000000000005,3,0.11049630207005758
exchange_chain,6,7.6000000000000005,4,0.08020795883032986
exchange_chain,6,7.6000000000000005,5,0.0001966448765430737
exchange_chain,6,7.65,0,0.6961188022027964
exchange_chain,6,7.65,1,0.004800397510859186
exchange_chain,6,7.65,2,0.09698922702763585
exchange_chain,6,7.65,3,0.13123478118617854
exchange_chain,6,7.65,4,0.07085671426209947
exchange_chain,6,7.65,5,7.78104298173621e-08
exchange_chain,6,7.7,0,0.7007994413319771
exchange_chain,6,7.7,1,0.0018082701956294042
exchange_chain,6,7.7,2,0.08399110753458369
exchange_chain,6,7.7,3,0.15220487451815196
exchange_chain,6,7.7,4,0.061038533665682224
exchange_chain,6,7.7,5,0.00015777275397494534
exchange_chain,6,7.75,0,0.7031995262493369
exchange_chain,6,7.75,1,0.00021244795839817082
exchange_chain,6,7.75,2,0.07194180666406808
exchange_chain,6,7.75,3,0.1729881089427217
exchange_chain,6,7.75,4,0.051063024564576245
exchange_chain,6,7.75,5,0.0005950856208978164
exchange_chain,6,7.800000000000001,0,0.703210834564582
exchange_chain,6,7.800000000000001,1,0.0002097957632711269
exchange_chain,6,7.800000000000001,2,0.06091892777369037
exchange_chain,6,7.800000000000001,3,0.19318372350150198
exchange_chain,6,7.800000000000001,4,0.04124274960308924
exchange_chain,6,7.800000000000001,5,0.0012339687938642345
exchange_chain,6,7.8500000000000005,0,0.7007437745070209
exchange_chain,6,7.8500000000000005,1,0.001986462627038196
exchange_chain,6,7.8500000000000005,2,0.05097210732337636
exchange_chain,6,7.8500000000000005,3,0.21241698458252758
exchange_chain,6,7.8500000000000005,4,0.03188477188911935
exchange_chain,6,7.8500000000000005,5,0.0019958990709156915
exchange_chain,6,7.9,0,0.6957298431796528
exchange_chain,6,7.9,1,0.00571289179503008
exchange_chain,6,7.9,2,0.04212334940494017
exchange_chain,6,7.9,3,0.23034658399378044
exchange_chain,6,7.9,4,0.023282578801561392
exchange_chain,6,7.9,5,0.002804752825034143
exchange_chain,6,7.95,0,0.6881239042000536
exchange_chain,6,7.95,1,0.011538779315116744
exchange_chain,6,7.95,2,0.03436822595663331
exchange_chain,6,7.95,3,0.2466709582801193
exchange_chain,6,7.95,4,0.01570858230331794
exchange_chain,6,7.95,5,0.003589549944757673
exchange_chain,6,8.0,0,0.677906227403351
exchange_chain,6,8.0,1,0.019588106404159332
exchange_chain,6,8.0,2,0.02767789774762222
exchange_chain,6,8.0,3,0.26113340187241846
exchange_chain,6,8.0,4,0.009407372698946353
exchange_chain,6,8.0,5,0.004286993873502061
